entrez-id,symbol,Sst Chodl:Nos1 All:479,Sst Chodl:Nos1 All:478,Sst Chodl:Nos1 All:477,Sst Chodl:Nos1 All:476,Sst Chodl:Nos1 All:475,Sst Chodl:Nos1 All:474,Sst Chodl:Nos1 All:473,Sst Chodl:Nos1 All:472,Sst Chodl:Nos1 All:471,Sst Chodl:Nos1 All:470,Sst Chodl:Nos1 All:469,Sst Chodl:Nos1 All:468,Sst Chodl:Nos1 All:467,Sst Chodl:Nos1 All:466,Sst Chodl:Nos1 All:465,Sst Chodl:Nos1 All:464,Sst Chodl:Nos1 All:463,Sst Chodl:Nos1 All:462,Sst Chodl:Nos1 All:461,Sst Chodl:Nos1 All:460,Sst Chodl:Nos1 All:480,Sst Chodl:Nos1 All:481,Sst Chodl:Nos1 All:482,Sst Chodl:Nos1 All:483,Sst Chodl:Nos1 All:484,Sst Chodl:Nos1 All:485,Sst Chodl:Nos1 All:486,Sst Chodl:Nos1 All:459,Sst Chodl:Nos1 All:458,Sst Chodl:Nos1 All:457,Sst Chodl:Nos1 All:456,Sst Chodl:Sst All:451,Sst Chodl:Sst All:453,Sst Chodl:Sst All:454,Sst Chodl:Sst All:455,Sst Chodl:Sst upper:452,Sst Chodl:Sst upper:450,Sst Chodl:Sst upper:449,Sst Chodl:Chrna2 All:447,Sst Chodl:Chrna2 All:448,Sst Chodl:Chrna2 L6:446,Sst Cdk6:Sst All:421,Sst Cdk6:Sst All:422,Sst Cdk6:Sst All:423,Sst Cdk6:Sst All:426,Sst Cdk6:Sst All:429,Sst Cdk6:Sst All:430,Sst Cdk6:Sst All:431,Sst Cdk6:Sst upper:424,Sst Cdk6:Sst upper:425,Sst Cdk6:Chrna2 All:428,Sst Cdk6:Chrna2 All:427,Sst Cdk6:Chrna2 All:420,Sst Cdk6:Chrna2 All:419,Sst Cdk6:Chrna2 All:418,Sst Cdk6:Chrna2 All:417,Sst Cdk6:Chrna2 All:416,Sst Cdk6:Chrna2 All:415,Sst Cdk6:Chrna2 All:414,Sst Cdk6:Chrna2 All:413,Sst Cbln4:Htr3a lower:292,Sst Cbln4:Htr3a lower:291,Sst Cbln4:Htr3a L6b:351,Sst Cbln4:Nos1 All:348,Sst Cbln4:Sst All:311,Sst Cbln4:Sst All:312,Sst Cbln4:Sst All:313,Sst Cbln4:Sst All:314,Sst Cbln4:Sst All:315,Sst Cbln4:Sst All:334,Sst Cbln4:Sst All:307,Sst Cbln4:Sst All:310,Sst Cbln4:Sst All:308,Sst Cbln4:Sst All:309,Sst Cbln4:Sst All:352,Sst Cbln4:Sst All:346,Sst Cbln4:Sst All:345,Sst Cbln4:Sst All:344,Sst Cbln4:Sst All:343,Sst Cbln4:Sst All:342,Sst Cbln4:Sst All:341,Sst Cbln4:Sst All:340,Sst Cbln4:Sst All:339,Sst Cbln4:Sst All:338,Sst Cbln4:Sst All:337,Sst Cbln4:Sst All:336,Sst Cbln4:Sst All:335,Sst Cbln4:Sst upper:329,Sst Cbln4:Sst upper:330,Sst Cbln4:Sst upper:331,Sst Cbln4:Sst upper:332,Sst Cbln4:Sst upper:317,Sst Cbln4:Sst upper:328,Sst Cbln4:Sst upper:327,Sst Cbln4:Sst upper:326,Sst Cbln4:Sst upper:325,Sst Cbln4:Sst upper:324,Sst Cbln4:Sst upper:323,Sst Cbln4:Sst upper:322,Sst Cbln4:Sst upper:321,Sst Cbln4:Sst upper:320,Sst Cbln4:Sst upper:319,Sst Cbln4:Sst upper:318,Sst Cbln4:Sst upper:293,Sst Cbln4:Sst upper:294,Sst Cbln4:Sst upper:295,Sst Cbln4:Sst upper:296,Sst Cbln4:Sst upper:297,Sst Cbln4:Sst upper:298,Sst Cbln4:Sst upper:299,Sst Cbln4:Sst upper:300,Sst Cbln4:Sst upper:301,Sst Cbln4:Sst upper:302,Sst Cbln4:Sst upper:303,Sst Cbln4:Sst upper:304,Sst Cbln4:Sst upper:305,Sst Cbln4:Sst upper:306,Sst Cbln4:Sst upper:316,Sst Cbln4:Sst lower:333,Sst Cbln4:Pvalb upper:350,Sst Cbln4:Nkx2-1 upper:349,Sst Cbln4:Gad2 All:290,Sst Cbln4:Gad2 All:289,Sst Cbln4:Gad2 All:288,Sst Cbln4:Gad2 All:287,Sst Cbln4:Cux2 All:286,Sst Cbln4:Cux2 L1-2/3:285,Sst Cbln4:Ndnf Neg L1:347,Sst Myh8:Sst All:403,Sst Myh8:Sst All:404,Sst Myh8:Sst All:405,Sst Myh8:Sst All:408,Sst Myh8:Sst All:406,Sst Myh8:Sst All:407,Sst Myh8:Sst upper:398,Sst Myh8:Sst upper:412,Sst Myh8:Sst lower:399,Sst Myh8:Sst lower:402,Sst Myh8:Sst lower:401,Sst Myh8:Sst lower:400,Sst Myh8:Chrna2 All:388,Sst Myh8:Chrna2 All:389,Sst Myh8:Chrna2 All:390,Sst Myh8:Chrna2 All:391,Sst Myh8:Chrna2 All:392,Sst Myh8:Chrna2 All:393,Sst Myh8:Chrna2 All:394,Sst Myh8:Chrna2 All:395,Sst Myh8:Chrna2 All:396,Sst Myh8:Chrna2 All:397,Sst Myh8:Chrna2 All:410,Sst Myh8:Chrna2 All:411,Sst Myh8:Chrna2 All:375,Sst Myh8:Chrna2 All:376,Sst Myh8:Chrna2 All:377,Sst Myh8:Chrna2 All:378,Sst Myh8:Chrna2 All:379,Sst Myh8:Chrna2 All:380,Sst Myh8:Chrna2 All:381,Sst Myh8:Chrna2 All:382,Sst Myh8:Chrna2 All:383,Sst Myh8:Chrna2 All:384,Sst Myh8:Chrna2 All:385,Sst Myh8:Chrna2 All:386,Sst Myh8:Chrna2 All:387,Sst Myh8:Chrna2 L6:373,Sst Myh8:Chrna2 L6:374,Sst Myh8:Gad2 All:372,Sst Myh8:Rbp4 L5:409,Sst Tacstd2:Htr3a lower:434,Sst Tacstd2:Htr3a lower:433,Sst Tacstd2:Htr3a lower:432,Sst Tacstd2:Sst All:443,Sst Tacstd2:Sst All:442,Sst Tacstd2:Sst All:440,Sst Tacstd2:Sst All:439,Sst Tacstd2:Sst All:438,Sst Tacstd2:Sst lower:441,Sst Tacstd2:Chrna2 All:435,Sst Tacstd2:Chrna2 All:436,Sst Tacstd2:Chrna2 All:437,Sst Tacstd2:Chrna2 L6:444,Sst Tacstd2:PvalbD-Slc32a1 All:445,Sst Th:Htr3a lower:354,Sst Th:Htr3a lower:353,Sst Th:Sst All:370,Sst Th:Sst All:362,Sst Th:Sst All:368,Sst Th:Sst lower:367,Sst Th:Sst lower:366,Sst Th:Sst lower:365,Sst Th:Sst lower:364,Sst Th:Sst lower:363,Sst Th:Chrna2 All:355,Sst Th:Chrna2 All:356,Sst Th:Chrna2 All:361,Sst Th:Chrna2 All:360,Sst Th:Chrna2 All:359,Sst Th:Chrna2 All:358,Sst Th:Chrna2 All:357,Sst Th:Chrna2 L6:369,Sst Th:Ntsr1 Neg L6:371
0,n/a,,,,,,,,,,,,,,,,,,,,,,,,,,,,,,,,,,,,,,,,,,,,,,,,,,,,,,,,,,,,,,,,,,,,,,,,,,,,,,,,,,,,,,,,,,,,,,,,,,,,,,,,,,,,,,,,,,,,,,,,,,,,,,,,,,,,,,,,,,,,,,,,,,,,,,,,,,,,,,,,,,,,,,,,,,,,,,,,,,,,,,,,,,,,,,,,,,,,,,,,,,
0,n/a,,,,,,,,,,,,,,,,,,,,,,,,,,,,,,,,,,,,,,,,,,,,,,,,,,,,,,,,,,,,,,,,,,,,,,,,,,,,,,,,,,,,,,,,,,,,,,,,,,,,,,,,,,,,,,,,,,,,,,,,,,,,,,,,,,,,,,,,,,,,,,,,,,,,,,,,,,,,,,,,,,,,,,,,,,,,,,,,,,,,,,,,,,,,,,,,,,,,,,,,,,
110197,Dgkg,-0.4957,0.8569,0.5050,0.6072,1.0952,1.4327,1.3879,0.7099,0.5872,2.8709,1.5153,2.8502,0.8169,3.2247,0.8588,2.3363,0.6732,1.8495,-0.4842,1.2482,0.6032,1.7639,0.1797,0.3935,1.5090,0.8566,0.2327,-0.5961,1.5105,1.1804,1.1018,0.0823,1.0585,0.7347,1.5435,-0.1078,-0.0778,1.6390,0.8844,0.3749,1.6187,1.5594,1.1337,-0.5135,2.8505,6.4287,0.0886,0.5183,2.3337,-0.7132,1.5190,0.3653,0.3086,0.5357,1.1037,2.9202,2.4808,0.7803,-0.7110,1.0322,3.4374,2.3315,0.0000,1.8513,1.7061,3.4111,1.8176,4.2395,0.7336,1.2545,0.7714,3.1077,-0.0663,1.4453,1.2730,1.3875,2.6227,2.2455,-0.2241,2.6731,3.2822,0.2308,2.9776,3.1254,4.3962,0.0445,0.5832,3.3170,0.7543,2.1292,0.7932,1.4560,1.8487,2.9265,2.6182,0.2779,1.1908,1.6757,2.7349,2.8353,1.5227,1.8450,-0.3771,3.0869,1.0752,2.0444,0.5287,1.7691,0.0997,0.6921,1.3934,0.1812,4.3232,3.8931,0.7903,1.7539,4.3184,4.3958,1.6568,0.4913,4.1339,2.9417,0.9551,-0.1652,1.6913,1.4890,1.3041,1.6650,1.1141,-0.0670,4.8078,0.6076,1.8584,0.4127,1.4264,5.2331,1.8043,1.3327,0.6295,0.7458,-0.6476,2.0677,-0.0115,1.1370,1.6287,1.0263,2.3522,0.3886,1.3015,0.6209,-0.5257,0.5261,0.3453,0.9073,0.5506,-0.7221,2.4586,0.5676,2.3582,2.5112,0.0052,0.7821,0.9310,0.4138,1.0889,-0.6235,-0.6402,4.9512,1.1541,1.0555,0.7884,0.0215,-0.6183,-0.1797,1.5201,-0.2997,-0.1100,-0.1563,0.4672,0.5924,-0.4042,0.6632,0.9788,1.8873,-0.0700,-0.1326,-0.1019,1.4979,0.1756,3.2851,0.4850,1.7409,1.8850,0.1497,-0.2671,-0.3319,1.3008,0.4231,0.6002,1.3304,0.7169,1.6453
0,n/a,,,,,,,,,,,,,,,,,,,,,,,,,,,,,,,,,,,,,,,,,,,,,,,,,,,,,,,,,,,,,,,,,,,,,,,,,,,,,,,,,,,,,,,,,,,,,,,,,,,,,,,,,,,,,,,,,,,,,,,,,,,,,,,,,,,,,,,,,,,,,,,,,,,,,,,,,,,,,,,,,,,,,,,,,,,,,,,,,,,,,,,,,,,,,,,,,,,,,,,,,,
0,n/a,,,,,,,,,,,,,,,,,,,,,,,,,,,,,,,,,,,,,,,,,,,,,,,,,,,,,,,,,,,,,,,,,,,,,,,,,,,,,,,,,,,,,,,,,,,,,,,,,,,,,,,,,,,,,,,,,,,,,,,,,,,,,,,,,,,,,,,,,,,,,,,,,,,,,,,,,,,,,,,,,,,,,,,,,,,,,,,,,,,,,,,,,,,,,,,,,,,,,,,,,,
0,n/a,,,,,,,,,,,,,,,,,,,,,,,,,,,,,,,,,,,,,,,,,,,,,,,,,,,,,,,,,,,,,,,,,,,,,,,,,,,,,,,,,,,,,,,,,,,,,,,,,,,,,,,,,,,,,,,,,,,,,,,,,,,,,,,,,,,,,,,,,,,,,,,,,,,,,,,,,,,,,,,,,,,,,,,,,,,,,,,,,,,,,,,,,,,,,,,,,,,,,,,,,,
208151,Tmem132b,0.0000,-0.6651,-0.6741,0.4326,-0.6480,-0.2520,-0.3212,0.0000,-0.2195,0.3123,0.5189,-0.5528,-0.3393,-0.1162,0.9965,0.0482,0.7459,-0.5984,0.2692,-0.0616,-0.0851,-0.5358,-0.6119,-0.6661,-0.3979,2.8311,0.0562,0.8301,-0.2009,0.7820,0.0998,-0.6576,0.3865,-0.6285,-0.5027,-0.1633,0.0923,-0.2711,-0.6210,0.4562,-0.1939,0.2828,-0.5177,-0.5769,-0.6601,1.2276,-0.6736,-0.4175,-0.6736,-0.6611,0.5359,-0.6621,-0.6726,0.4587,-0.0350,0.0000,-0.4826,0.2126,-0.4395,0.0000,1.5198,0.3585,0.0000,0.3810,-0.2962,0.0442,-0.5703,1.4326,-0.4836,0.9083,-0.6345,0.1875,-0.0435,1.9253,0.8602,0.7294,-0.6455,0.8968,1.5399,0.4677,1.2101,-0.0059,0.7334,2.1765,2.2045,-0.3789,-0.2170,0.2617,0.5249,1.8171,-0.6736,2.9223,-0.4074,1.1484,-0.4721,0.0442,-0.2475,-0.1343,0.4928,1.7514,1.2497,1.0612,1.1138,0.0000,0.7855,1.4657,-0.6656,1.0828,1.3314,1.3735,3.4416,0.0000,-0.6480,-0.4781,0.4717,-0.4987,-0.5157,1.0697,1.9284,-0.3979,0.0000,0.7976,-0.6034,0.0000,0.4321,1.8948,-0.5919,-0.3388,0.9720,-0.6129,-0.6480,0.3590,0.8296,-0.6676,-0.6726,0.3199,2.1193,-0.6661,-0.6601,0.8672,2.2421,-0.6736,0.0000,0.4176,-0.1493,1.2677,0.0000,0.0993,1.7469,-0.2546,0.8993,-0.4520,0.6587,1.3108,-0.6084,0.6457,-0.5438,0.4236,0.6813,0.9745,0.0000,-0.0180,0.6868,3.3283,0.6106,0.0000,-0.6691,1.7925,0.2913,-0.4576,1.8682,0.5194,0.0000,-0.2876,-0.6636,0.3174,0.4046,0.0000,-0.4019,1.2226,-0.0430,0.0748,0.6487,0.3078,0.7264,-0.6440,0.9058,-0.2340,-0.6676,0.0000,1.6296,1.9223,1.4667,0.0000,-0.0230,-0.6741,-0.2931,0.0000,-0.4280,1.0727,0.0000,1.5108
231014,9330182L06Rik,0.0000,0.0000,0.0000,0.0000,1.3422,0.0000,-0.3902,0.0000,0.0000,-0.4557,-0.2577,0.5430,0.5573,-0.4143,1.9397,0.1434,-0.4745,-0.3970,0.0000,1.5160,0.0000,0.0000,0.0000,0.4293,0.5362,0.0000,0.1554,-0.3804,-0.1727,-0.4647,-0.3533,0.0000,-0.1230,0.0000,-0.4685,-0.3428,0.3262,0.6483,1.0080,-0.2540,0.0000,0.0000,-0.4715,0.3112,2.6862,0.2954,-0.1644,3.8655,-0.1847,3.1619,0.0000,0.2457,0.0000,-0.4715,1.2895,-0.1456,0.0000,-0.2720,0.5896,0.9636,-0.4391,0.0000,0.0000,0.0000,0.0000,0.6822,0.0000,0.2517,-0.3533,0.0000,-0.4293,-0.1960,0.0000,-0.4722,0.0000,0.0000,-0.3187,0.0000,0.0000,1.0743,0.0000,0.1509,-0.4722,-0.0094,1.3979,-0.2630,0.0000,0.1193,0.0000,0.0000,0.0000,-0.3420,0.0000,0.0000,-0.2841,0.0000,0.0000,0.0000,3.1792,1.7900,3.5630,0.0000,3.3349,0.0000,0.0000,0.0000,0.0000,0.0000,0.0000,0.0000,-0.4715,-0.2781,0.0000,0.0000,0.0000,-0.3533,0.0000,2.7878,1.3791,0.0000,0.0000,-0.2103,0.0000,-0.4158,0.4903,0.1080,1.1194,0.0000,0.1516,-0.4135,0.0000,0.0000,-0.3631,5.8319,0.9569,-0.4707,3.0896,0.0000,-0.3714,-0.0222,-0.1607,-0.0485,0.0000,0.8718,0.0000,2.0564,0.1727,-0.4429,0.0000,0.0000,0.0000,0.0000,-0.0214,-0.1569,0.0000,0.0000,-0.0816,-0.4700,-0.4226,0.0000,0.0000,0.0000,0.0000,-0.4715,0.0000,0.0000,0.0000,1.6808,1.5574,1.3979,1.7711,2.7269,-0.4647,0.0000,1.5898,2.7367,0.7552,1.0299,0.1539,0.0000,0.0711,0.3639,-0.1276,0.6589,0.0000,1.5612,-0.4722,0.0000,0.0000,1.8291,0.0000,-0.1524,5.2833,0.0000,2.0037,0.0000,0.0000,0.0000,0.0000,0.0000,0.0000,0.0000
243312,Elfn1,-0.2222,0.0000,-0.2222,-0.1956,0.0000,0.0000,0.0000,0.0000,0.1082,0.0000,-0.1406,1.2683,0.0000,-0.2070,-0.0437,-0.0020,0.0531,0.0000,0.0835,0.0000,0.0000,-0.2127,-0.2222,0.2012,0.0000,-0.0931,0.0000,0.0000,-0.2260,-0.2089,-0.1520,0.0000,0.0000,-0.1007,-0.2241,-0.1653,-0.1805,1.7639,3.3342,-0.2222,0.0000,0.7595,0.0000,7.4300,6.8584,14.2600,0.0000,-0.0855,0.5677,1.8873,1.2835,1.4202,4.3748,5.2976,0.7234,0.6038,0.1575,0.0455,0.3398,2.6792,2.0279,0.3512,-0.1975,0.1366,2.9298,0.2658,1.0728,0.6607,-0.2203,1.5475,0.1556,1.2854,-0.0248,0.5449,-0.0779,2.0525,1.3595,5.3698,0.0000,0.7424,1.1107,0.0911,0.9474,3.0076,2.2253,2.6943,-0.0020,2.5424,2.8197,0.0892,0.7803,0.9968,0.2791,0.4329,-0.0304,-0.0551,-0.2070,-0.2013,2.6943,1.8532,0.9930,2.6431,-0.2108,4.6330,1.5019,0.0000,-0.1994,-0.0380,-0.1178,0.2316,0.6892,-0.0475,1.2968,-0.0266,-0.1861,4.1887,0.8962,0.6227,1.9063,0.4537,-0.2146,0.6000,-0.1387,4.6881,0.1272,6.5812,2.6830,0.1044,4.0767,-0.2108,4.7299,4.7318,2.0696,-0.1918,-0.0248,1.0272,0.4462,2.3032,2.5216,0.0000,0.0987,0.9569,1.3804,0.0000,0.4367,0.7025,0.0626,2.4285,1.0671,0.0000,9.0060,0.4822,1.6633,0.5126,2.0374,0.4291,3.8849,0.0151,3.6418,1.5228,0.7633,-0.0741,-0.2032,1.1867,0.2544,-0.2146,0.0000,1.0234,0.6664,-0.2184,-0.2241,-0.2089,0.0000,0.0000,-0.1634,0.0000,0.0000,0.0000,0.0000,1.8627,-0.2260,-0.2184,0.0000,-0.2184,0.0000,1.1677,0.0000,-0.2260,0.0000,0.0000,0.0000,1.1449,2.2538,0.0000,2.7627,-0.1975,1.0158,-0.2241,0.0000,5.5084,0.0000,3.1994
0,n/a,,,,,,,,,,,,,,,,,,,,,,,,,,,,,,,,,,,,,,,,,,,,,,,,,,,,,,,,,,,,,,,,,,,,,,,,,,,,,,,,,,,,,,,,,,,,,,,,,,,,,,,,,,,,,,,,,,,,,,,,,,,,,,,,,,,,,,,,,,,,,,,,,,,,,,,,,,,,,,,,,,,,,,,,,,,,,,,,,,,,,,,,,,,,,,,,,,,,,,,,,,
16009,Igfbp3,0.0000,0.0000,0.0000,0.0000,0.0000,0.0000,0.7880,0.0000,0.0000,0.0000,0.0000,0.0000,0.0000,0.0000,1.4187,-0.0736,-0.1388,-0.1355,0.0519,0.0000,0.0000,0.0000,2.3172,0.0000,0.0000,0.0000,0.0000,0.0000,0.0000,0.2644,0.0000,-0.0468,-0.1355,-0.1305,0.0000,0.0000,0.0000,0.0000,2.9144,0.0000,0.0000,0.0000,0.0000,0.0000,0.0000,7.7243,0.0000,0.0000,0.0000,0.0000,0.0000,5.4624,0.0000,0.0000,0.0000,0.0000,0.0000,0.0000,0.0000,0.0000,-0.0150,0.0000,0.0000,0.0000,-0.0819,0.0000,0.0000,0.0000,-0.0602,0.0000,-0.0552,-0.1037,-0.0334,0.0000,-0.1405,1.6262,-0.0903,0.0000,0.0000,0.0000,0.0000,0.0000,0.0000,0.0000,0.0000,0.0000,0.0000,0.0000,-0.1254,0.0000,0.0000,0.0000,0.0000,0.0000,-0.0384,0.0000,2.6919,-0.1321,-0.1288,0.0000,0.0000,1.3150,0.0000,6.9129,-0.1087,0.0000,0.0000,0.0000,-0.0318,0.0000,0.0000,0.0000,0.0000,0.0000,0.0168,0.0067,0.0000,0.0000,0.0000,0.0000,0.0000,0.0000,0.0000,0.0000,0.0000,0.0000,6.7088,1.3401,0.0000,0.0000,0.0000,-0.1288,0.0000,0.0000,0.0000,0.0000,0.0000,0.0000,0.0000,0.0000,0.0000,0.0000,0.0000,0.0000,0.0000,0.0000,0.0000,0.0000,0.0000,0.0000,0.0000,0.0000,0.0000,0.0000,0.0000,0.0000,0.0000,0.0000,0.0000,0.0000,0.0000,0.0000,0.0000,0.0000,0.0000,0.0000,0.2175,0.0000,0.0000,0.3848,0.0000,-0.0033,0.0000,0.0000,0.0000,0.0000,-0.1321,4.0337,3.4950,0.0000,0.0000,7.4734,3.0734,0.0000,0.0000,0.0000,0.0000,0.0000,0.0000,3.3578,0.0000,2.2954,0.0000,0.0000,0.0000,0.0000,0.0000,0.0000,0.0000,4.0621,0.0000,-0.0117
0,n/a,,,,,,,,,,,,,,,,,,,,,,,,,,,,,,,,,,,,,,,,,,,,,,,,,,,,,,,,,,,,,,,,,,,,,,,,,,,,,,,,,,,,,,,,,,,,,,,,,,,,,,,,,,,,,,,,,,,,,,,,,,,,,,,,,,,,,,,,,,,,,,,,,,,,,,,,,,,,,,,,,,,,,,,,,,,,,,,,,,,,,,,,,,,,,,,,,,,,,,,,,,
12823,Col19a1,0.0000,0.0000,-0.4766,0.0000,-0.0895,-0.4839,-0.4832,-0.4751,0.0000,0.2270,-0.4839,0.6929,0.0000,0.4323,0.0000,0.0000,0.0916,0.0000,0.0000,0.4382,0.0000,0.0000,0.0000,1.0844,0.0187,0.3013,-0.2146,0.0000,-0.4839,-0.4839,0.0000,0.0000,0.0000,-0.2440,-0.4847,0.0000,-0.1660,1.2544,-0.4795,0.0000,0.0000,0.4515,4.0659,0.0000,1.4465,0.0000,-0.4825,0.9718,-0.4825,-0.4685,-0.4015,0.0000,3.2541,-0.4839,0.4691,0.0000,-0.2352,1.0520,0.0000,0.6318,1.9477,0.4235,0.0000,1.1212,2.1118,-0.4847,1.3177,2.5130,0.0000,0.3448,1.1904,1.2956,-0.4803,0.6038,0.0386,0.0000,-0.4810,0.3411,1.3575,0.0953,2.2487,0.4934,0.4500,4.5862,0.6885,1.3847,2.0655,0.6730,0.6097,0.6325,3.4138,0.4772,0.0000,1.2434,0.6686,1.0241,0.9100,2.0198,-0.4346,1.4244,5.0616,0.6384,0.7319,-0.4729,-0.3125,-0.0858,1.0344,2.3238,1.6416,2.0905,0.1181,1.4811,1.5186,0.8025,1.9624,1.0049,1.1175,4.5207,3.2600,2.4474,-0.3942,4.3750,4.6090,0.4846,0.1394,-0.1410,2.1582,0.0000,0.3573,-0.4030,7.1231,3.0686,4.1748,-0.4839,5.3899,1.4649,4.7533,0.0000,4.2337,4.5604,6.7772,1.8866,0.9291,-0.2035,2.2914,-0.4435,0.2800,3.8031,-0.0078,2.6609,0.5626,0.3168,-0.2102,3.0274,3.0370,0.0000,4.7010,1.1595,1.7696,1.7667,5.0859,4.4861,2.8000,2.8463,2.7315,2.2517,0.2138,2.6896,2.8647,-0.0137,0.0000,0.0000,-0.1344,0.0710,0.0000,-0.3581,-0.4391,0.6127,-0.4825,-0.1851,-0.1572,0.0000,0.1365,0.0000,0.0000,1.6364,-0.4162,0.0000,0.0000,1.6747,0.0000,0.4500,-0.4523,0.0000,0.0000,0.0000,0.5545,0.0000,0.0000,0.9998,0.0000,4.6642
17133,Maff,0.0000,0.0000,0.0000,0.0000,0.0000,0.0000,0.0000,0.0000,0.0000,0.0000,0.0000,0.0000,0.0000,0.0000,0.0000,0.0000,0.0000,0.7479,0.0000,0.0000,0.0000,0.0000,0.0000,0.0000,0.0000,0.0000,0.0000,0.0000,0.0000,0.0000,0.0160,0.0000,0.0000,0.0000,0.0000,0.0000,0.0000,0.0000,0.0000,0.0000,0.0000,0.0000,0.0000,0.0000,0.0000,0.0000,0.0000,0.0000,0.0000,0.0000,0.0000,0.0000,0.0000,0.0000,0.0000,0.0000,0.0000,0.0000,0.0000,0.0000,0.0000,0.0000,0.0000,0.0000,0.0000,0.0000,0.0000,0.0000,0.0000,0.0000,0.0000,0.0000,0.0000,0.0000,0.0000,0.0000,0.0000,0.0000,0.0000,0.0000,0.0000,0.0000,0.0000,0.0000,0.0000,0.0000,0.2990,0.0000,0.0000,0.0000,0.0000,0.0355,0.0000,0.0000,0.0000,0.0000,0.0000,0.0000,0.0000,0.0000,0.0000,0.0000,0.0000,0.0000,0.0000,0.0000,0.0000,0.0000,0.0000,0.0000,0.0000,0.0000,0.0000,0.0000,0.0000,0.0000,0.0000,0.0000,0.0000,0.0000,0.0000,0.0000,0.0000,0.0000,0.0000,0.0000,0.0000,0.0000,0.0000,0.0000,0.0000,0.0000,0.0000,0.0000,0.0000,0.0000,0.0000,0.0000,0.0000,0.0000,0.0000,0.0000,0.0000,0.0000,0.0000,0.0000,0.0000,0.0000,0.0000,0.0000,0.0000,0.0000,0.0000,0.0000,0.0000,0.0000,0.0000,0.0000,0.0000,0.0000,0.0000,0.0000,0.0000,0.0000,0.0000,0.0000,0.0000,0.0000,0.0000,0.0000,0.0000,0.0000,0.0000,0.0000,0.0160,0.0000,0.0000,0.0000,0.0000,0.0000,0.0000,0.0000,0.0000,0.0000,0.0000,0.0000,0.0000,0.0000,0.0000,0.0000,0.0000,0.0000,0.0000,0.0000,0.0000,0.0000,0.0000,0.0000,0.0000,0.0000,0.0000,0.0000
0,n/a,,,,,,,,,,,,,,,,,,,,,,,,,,,,,,,,,,,,,,,,,,,,,,,,,,,,,,,,,,,,,,,,,,,,,,,,,,,,,,,,,,,,,,,,,,,,,,,,,,,,,,,,,,,,,,,,,,,,,,,,,,,,,,,,,,,,,,,,,,,,,,,,,,,,,,,,,,,,,,,,,,,,,,,,,,,,,,,,,,,,,,,,,,,,,,,,,,,,,,,,,,
320209,Ddx11,-0.0363,-0.0271,-0.2200,-0.0179,-0.1649,-0.0638,-0.1649,-0.1833,-0.1557,-0.1465,-0.2108,-0.1557,-0.1465,-0.1465,-0.0730,-0.1924,-0.1006,-0.1006,-0.0730,-0.2200,-0.2292,-0.1098,-0.1373,-0.1924,-0.0822,-0.1924,0.0188,-0.0822,-0.1281,0.0000,0.0000,-0.0914,-0.1557,0.0000,-0.2108,-0.2384,-0.1006,-0.2108,-0.0914,-0.1281,-0.1741,-0.1649,-0.0638,-0.0638,-0.1649,-0.1190,0.1474,-0.0914,-0.0822,-0.2016,-0.1557,-0.1833,0.1474,-0.1190,-0.1741,-0.1190,-0.1281,-0.2108,0.0000,-0.1098,-0.2108,-0.2292,-0.1741,-0.0914,-0.2200,0.0739,-0.0087,-0.0914,0.0000,-0.2292,-0.1649,-0.2108,-0.2108,-0.2108,-0.0914,-0.1924,-0.2108,-0.1373,0.0000,-0.1924,-0.1924,-0.1649,-0.1649,-0.1649,-0.0547,-0.0547,-0.0271,-0.2016,0.1658,0.0000,-0.1373,-0.0547,0.0000,-0.1098,-0.0455,-0.1741,-0.1373,-0.0638,-0.1281,-0.1833,0.2944,-0.0730,-0.0455,-0.1833,-0.1098,-0.1373,-0.0179,0.0000,-0.0455,-0.2200,-0.1281,-0.1741,0.0000,0.0188,-0.0638,-0.1465,-0.1281,-0.0914,-0.1557,-0.1465,0.0000,-0.0638,0.0648,0.1474,0.0005,-0.1741,-0.1465,0.1199,0.0000,-0.1190,0.0739,-0.1006,0.0188,0.0005,-0.1373,-0.1373,0.0000,0.1291,0.0831,-0.2016,0.1566,-0.0455,0.0000,0.0188,-0.1465,0.0000,0.0000,-0.1281,0.1382,0.0096,-0.2384,0.0000,0.0000,0.1199,-0.1924,-0.1741,-0.1649,-0.2016,0.0000,-0.1924,-0.0638,-0.2200,0.0000,-0.0822,0.1015,0.1107,0.0000,-0.1098,-0.0914,-0.1924,0.1474,-0.0730,-0.0730,-0.2108,-0.2108,-0.1924,-0.1465,-0.0914,-0.1741,0.0000,-0.0638,-0.2016,-0.1557,-0.1833,-0.1833,-0.1833,-0.1649,-0.1833,0.0000,-0.1373,0.0372,-0.1833,-0.1281,-0.2200,-0.2016,0.0000,-0.1557,-0.1924,0.0000,-0.2108,-0.0547,-0.1098
0,n/a,,,,,,,,,,,,,,,,,,,,,,,,,,,,,,,,,,,,,,,,,,,,,,,,,,,,,,,,,,,,,,,,,,,,,,,,,,,,,,,,,,,,,,,,,,,,,,,,,,,,,,,,,,,,,,,,,,,,,,,,,,,,,,,,,,,,,,,,,,,,,,,,,,,,,,,,,,,,,,,,,,,,,,,,,,,,,,,,,,,,,,,,,,,,,,,,,,,,,,,,,,
0,n/a,,,,,,,,,,,,,,,,,,,,,,,,,,,,,,,,,,,,,,,,,,,,,,,,,,,,,,,,,,,,,,,,,,,,,,,,,,,,,,,,,,,,,,,,,,,,,,,,,,,,,,,,,,,,,,,,,,,,,,,,,,,,,,,,,,,,,,,,,,,,,,,,,,,,,,,,,,,,,,,,,,,,,,,,,,,,,,,,,,,,,,,,,,,,,,,,,,,,,,,,,,
11517,Adcyap1r1,0.0203,0.0000,0.0000,-0.3249,-0.4434,1.1836,0.1502,-0.1169,-0.5511,0.0369,0.4160,0.4690,0.8769,-0.2367,-0.2273,-0.3589,-0.0016,0.0000,-0.5482,-0.5341,-0.2472,0.0324,0.0992,0.6653,-0.3605,0.5107,1.0554,0.3618,-0.5446,-0.5434,-0.3746,-0.5482,-0.2549,-0.5393,0.5941,0.4893,0.0090,-0.2423,0.2801,0.5221,0.1352,1.7481,1.6101,1.9092,0.0000,0.8324,0.2388,2.1410,-0.4932,0.4015,0.7713,2.0516,-0.5256,-0.0161,1.4151,0.1474,0.8203,1.0991,1.0384,2.9175,1.6312,1.2249,0.0000,-0.0234,0.7499,0.0357,0.4925,2.7472,-0.5478,0.4431,0.5306,-0.1877,0.8539,-0.3945,2.2406,2.8532,0.2388,0.4007,1.8388,0.6402,1.7813,1.2059,0.3250,0.6192,1.0190,0.2817,0.5002,1.3750,0.5475,1.8529,0.5338,-0.5126,-0.5013,1.3605,1.2735,0.6944,1.2508,-0.0327,1.5260,-0.5389,-0.2630,1.8841,1.0724,-0.5507,0.8437,1.3216,1.5551,0.8895,-0.5498,0.1308,-0.5434,-0.5486,1.5328,2.1143,0.5115,1.7611,1.3475,0.1085,0.7215,0.9546,-0.4017,-0.1934,1.0736,4.4964,1.1642,0.8972,1.2277,-0.5486,0.4488,0.4743,-0.3613,1.5765,0.4784,0.6208,-0.5114,3.9951,1.7627,-0.5478,-0.5438,3.6754,-0.1505,2.6408,0.7616,0.3634,1.4260,-0.5369,1.3253,0.1328,1.8076,-0.1144,0.5823,-0.4005,0.7381,1.6429,0.0000,-0.4944,1.4487,1.8683,0.2437,1.2140,-0.2047,0.6960,2.1240,0.4193,2.0508,-0.2650,0.6835,0.9275,-0.4361,-0.5490,0.4019,-0.5502,0.4266,-0.5474,0.1886,0.1279,1.2512,0.3149,0.0814,0.1461,0.5200,0.3311,-0.4212,-0.3864,0.0000,1.6809,0.1983,0.8798,0.0000,0.9587,-0.4119,0.6131,0.0000,-0.3512,-0.5183,-0.4090,-0.5507,0.9461,-0.5490,0.2137,0.0000,-0.3912
432530,Adcy1,0.0000,-0.5344,-0.5451,-0.7495,0.0000,0.0000,0.0000,-0.7832,-0.6293,-0.4900,-0.8123,0.0000,0.0000,-0.6155,-0.8399,-0.4586,-0.8483,0.0000,0.0000,-0.1630,-0.4685,-0.6829,-0.5604,-0.8016,-0.2824,-0.8514,0.0000,-0.8598,-0.8514,-0.3789,-0.2327,-0.8575,0.1058,-0.5512,-0.3766,-0.7388,-0.8529,-0.8399,-0.4976,-0.6967,-0.2434,-0.4348,0.1632,1.3876,0.0000,1.5652,-0.4792,-0.4785,-0.2809,-0.8583,-0.6125,-0.2342,-0.7212,-0.3835,-0.2847,0.2604,-0.7947,-0.8391,0.6747,0.4649,-0.6477,-0.4478,0.0000,-0.7059,0.0032,-0.2396,0.0124,-0.0244,0.1762,-0.5964,0.3110,-0.8560,-0.8590,-0.4838,-0.1768,0.3669,-0.6217,-0.5795,-0.8590,-0.5282,-0.6140,1.6694,-0.7932,-0.8537,-0.2541,0.0215,-0.8575,0.0000,-0.8116,0.0000,-0.2120,0.4036,-0.7618,-0.6845,0.4802,-0.7564,-0.8269,-0.2143,0.0000,-0.4555,0.4373,-0.7342,-0.4900,0.0000,0.0000,0.1287,-0.7381,-0.4210,0.0000,0.3424,0.0000,-0.8330,-0.3958,-0.8598,-0.8407,0.3041,0.0000,1.0736,-0.5550,-0.7204,-0.3950,0.0000,-0.7143,-0.8177,-0.8453,-0.7220,0.1640,-0.8560,-0.6952,0.3477,-0.7373,-0.7174,0.1800,-0.7626,-0.8039,-0.6622,0.0000,2.2888,-0.8590,-0.8399,-0.6959,-0.0183,1.2896,-0.7649,1.4136,-0.6952,-0.5336,-0.8093,-0.3253,-0.4333,-0.2740,-0.6592,-0.8590,2.4443,-0.2327,-0.6063,0.1915,-0.6515,0.1831,0.2903,-0.0581,-0.8468,0.0001,-0.5129,-0.7235,0.3102,1.3455,-0.8430,-0.4042,-0.5757,0.0430,1.4864,-0.7472,0.0001,-0.8598,2.0285,0.1923,-0.7955,-0.2916,-0.1232,1.0622,0.5223,-0.1538,0.1777,-0.0160,-0.3062,-0.8567,0.0000,0.1303,-0.0834,-0.8169,0.0000,-0.8590,-0.7518,1.0936,0.0000,-0.7572,0.0000,-0.8575,0.0000,0.0000,-0.4065
0,n/a,,,,,,,,,,,,,,,,,,,,,,,,,,,,,,,,,,,,,,,,,,,,,,,,,,,,,,,,,,,,,,,,,,,,,,,,,,,,,,,,,,,,,,,,,,,,,,,,,,,,,,,,,,,,,,,,,,,,,,,,,,,,,,,,,,,,,,,,,,,,,,,,,,,,,,,,,,,,,,,,,,,,,,,,,,,,,,,,,,,,,,,,,,,,,,,,,,,,,,,,,,
0,n/a,,,,,,,,,,,,,,,,,,,,,,,,,,,,,,,,,,,,,,,,,,,,,,,,,,,,,,,,,,,,,,,,,,,,,,,,,,,,,,,,,,,,,,,,,,,,,,,,,,,,,,,,,,,,,,,,,,,,,,,,,,,,,,,,,,,,,,,,,,,,,,,,,,,,,,,,,,,,,,,,,,,,,,,,,,,,,,,,,,,,,,,,,,,,,,,,,,,,,,,,,,
12398,Cbfa2t3,0.4242,0.0000,-0.3453,0.0000,0.0000,0.0000,0.0000,0.0000,0.0000,0.0000,0.0000,0.0000,0.0000,0.0000,0.0000,0.0680,-0.3677,0.1977,0.0000,0.0000,0.0000,-0.3591,0.0000,0.0000,-0.3695,0.0000,-0.1326,-0.3470,-0.3695,0.0248,0.0000,0.0000,0.0000,-0.3677,-0.3643,0.0000,0.1890,0.5245,0.0000,-0.0600,0.0000,0.3862,0.1873,0.8997,-0.3159,-0.3660,0.0576,-0.3660,-0.3401,0.0000,0.4086,0.0000,0.0000,0.0000,-0.3626,0.4726,0.1493,0.0000,-0.3660,1.1089,0.0000,0.0000,0.0000,-0.2294,0.0000,0.0000,-0.3349,-0.0375,0.0000,-0.0928,0.0000,0.0000,-0.1775,0.0000,-0.3539,-0.3055,-0.2208,0.0000,0.0000,-0.3660,0.2790,0.0000,0.0000,0.0000,0.0000,-0.0997,0.1268,0.0000,0.0000,0.0000,0.0000,0.0000,0.0000,0.0000,0.0000,0.0317,0.2720,0.0000,-0.3660,-0.3608,0.0000,0.0000,0.0000,0.0000,-0.3677,0.0000,0.1648,0.0000,0.0000,0.0000,0.0000,-0.3660,0.0000,1.5015,0.0905,-0.3677,0.4000,0.0000,0.0000,0.0000,-0.3505,0.0000,-0.3366,0.0000,0.0000,0.0000,0.0000,0.0000,0.0000,0.0000,0.0000,0.0000,0.0000,-0.3660,0.0000,1.2611,0.0000,-0.3522,-0.2208,0.0000,0.0000,0.0000,0.0000,1.1574,0.0000,0.0000,0.5452,-0.1706,-0.3522,0.2824,0.0000,0.0000,0.0000,-0.3643,0.0939,0.5746,0.0000,0.0000,0.0000,0.0000,0.0000,0.0000,0.1372,0.4069,-0.3349,0.0000,0.0000,0.0000,0.0000,-0.3660,0.0351,0.1648,0.0000,0.0000,0.0000,0.0611,0.4865,0.0109,0.5072,-0.0721,0.2790,0.0000,0.0000,-0.2484,0.6957,0.0000,0.0000,0.0000,0.0870,-0.0029,-0.3505,0.0957,0.3481,0.0000,0.0000,0.0000,-0.2951,0.0000,0.0000,0.0559,1.1003,0.1026
12661,Chl1,-0.4951,-0.0469,-0.5300,-0.0213,0.2299,-0.6385,-0.5513,-0.5684,-0.6105,0.3598,0.6791,0.5262,-0.3667,-0.3571,-0.8534,0.3130,-0.2020,-0.2729,-0.5591,-0.6424,0.1878,0.3835,-0.7862,0.9366,0.3546,0.0138,-0.1933,-0.4198,0.4075,-0.6274,0.0843,-0.4690,-0.7085,-0.0571,-0.7261,0.3145,-0.3931,0.2702,-0.1068,-0.7723,-0.2007,2.0011,1.4449,1.0776,1.1343,1.1959,1.4690,0.3160,2.1484,1.4770,0.1511,-0.1669,0.6288,0.5494,-0.6363,0.6770,-0.7838,1.4818,1.0911,0.9664,1.1570,0.1711,0.0000,0.8935,0.5169,1.4353,2.1338,1.7043,4.2018,1.6169,5.8001,4.2972,1.4440,1.4655,0.1420,-0.3476,1.2455,1.6881,2.5321,1.2575,2.4614,0.7332,1.1609,3.0345,1.1739,1.9226,2.5289,1.6763,2.3894,1.9664,1.6640,1.4360,0.4358,3.3434,0.0375,0.6449,2.5514,1.9777,1.7803,4.2697,3.8495,2.9703,1.1852,0.6234,2.1100,2.3278,2.1679,2.0549,3.3291,2.6610,0.2642,0.4781,1.2633,1.2375,2.0627,2.6523,1.5579,5.5804,1.2978,1.3872,0.8690,8.0238,2.2117,3.9393,1.2763,2.6330,2.3135,2.7367,-0.1480,0.4047,0.7820,0.7668,0.2863,-0.2706,-0.0278,0.7013,-0.2489,1.0555,-0.8244,-0.1280,1.7154,-0.4155,1.3583,1.3071,1.2572,1.2267,-0.6131,0.1052,2.6998,1.5520,1.3291,-0.0465,0.8945,0.9748,1.2245,0.6711,-0.0614,0.8158,0.5483,0.3084,1.6173,-0.0102,-0.1640,1.2256,0.2277,0.1125,2.6202,0.1295,0.7197,-0.0170,0.6230,0.7058,-0.1940,-0.0116,-0.4445,-0.5113,-0.5597,-0.7077,-0.5957,-0.0658,-0.6103,0.4538,-0.0755,-0.5326,-0.2389,0.1412,0.7750,-0.5398,-0.6779,1.6588,-0.6764,-0.6810,0.0240,-0.3690,0.1665,-0.9007,0.7355,-0.0794,-0.3087,3.0727,-0.4287,1.8640
0,n/a,,,,,,,,,,,,,,,,,,,,,,,,,,,,,,,,,,,,,,,,,,,,,,,,,,,,,,,,,,,,,,,,,,,,,,,,,,,,,,,,,,,,,,,,,,,,,,,,,,,,,,,,,,,,,,,,,,,,,,,,,,,,,,,,,,,,,,,,,,,,,,,,,,,,,,,,,,,,,,,,,,,,,,,,,,,,,,,,,,,,,,,,,,,,,,,,,,,,,,,,,,
93683,Glce,0.0000,0.0000,0.0000,0.0000,-0.2467,0.1517,0.6233,0.0000,0.0000,0.0000,0.0000,0.0000,0.0000,-0.3445,0.0000,0.0000,-0.4019,0.0000,0.0000,-0.4014,-0.4009,0.0000,-0.3705,-0.4009,0.0000,0.4133,-0.4009,-0.3571,0.0000,0.0000,-0.3811,0.0000,0.0000,0.0000,0.0000,0.0000,0.0000,-0.4004,0.0000,0.0000,0.0000,-0.4009,1.4997,0.0081,0.0000,3.2085,4.8350,-0.3147,0.0000,1.1620,0.0000,0.0500,-0.0974,0.3762,-0.2332,-0.3696,-0.3542,-0.2145,2.2628,-0.3995,0.0000,0.0000,0.0000,0.7746,0.0000,0.0000,1.3157,-0.2019,0.0000,0.2972,0.9351,0.6465,-0.3012,-0.2780,0.0000,-0.2525,1.4395,1.7261,0.0000,0.6373,0.0000,0.0385,0.0000,-0.3474,-0.3537,0.7207,-0.3657,0.1912,0.0000,0.0000,-0.2747,0.0000,-0.0039,-0.3262,1.3672,1.7835,-0.3619,1.6823,-0.3330,3.0905,0.0000,0.0000,0.5039,2.9248,0.6233,-0.3893,0.9355,0.0000,-0.4014,0.7698,0.0934,-0.3282,1.2670,1.5498,0.0000,0.3372,1.1311,-0.1918,-0.1619,0.5231,0.4090,1.4881,0.0664,4.8793,0.0000,1.7285,0.0000,1.1345,2.6251,0.6190,4.0410,0.0000,0.8647,0.0000,2.2806,-0.3995,0.5096,1.9535,-0.3884,0.0000,0.0000,1.2024,0.8324,-0.3720,0.2837,-0.3017,0.0000,6.2707,-0.0507,0.7221,2.4782,0.0000,0.6127,0.0000,1.5382,0.0000,1.4106,0.8609,0.0000,2.4189,0.0000,0.0000,1.8056,3.0312,1.5835,1.8124,1.3527,0.8748,0.9240,1.6808,-0.4009,0.0000,4.3739,0.5231,0.3449,2.0629,1.4212,1.1976,0.6301,0.6566,-0.1509,0.0000,-0.4014,2.1202,-0.1456,-0.2212,0.0000,0.0000,-0.3156,1.4525,0.0000,-0.3970,2.9339,2.1703,-0.3932,0.9919,-0.3320,0.0000,0.1112,-0.3937,-0.0454,0.5858
0,n/a,,,,,,,,,,,,,,,,,,,,,,,,,,,,,,,,,,,,,,,,,,,,,,,,,,,,,,,,,,,,,,,,,,,,,,,,,,,,,,,,,,,,,,,,,,,,,,,,,,,,,,,,,,,,,,,,,,,,,,,,,,,,,,,,,,,,,,,,,,,,,,,,,,,,,,,,,,,,,,,,,,,,,,,,,,,,,,,,,,,,,,,,,,,,,,,,,,,,,,,,,,
19699,Reln,0.0000,0.0000,0.0000,-0.2888,0.0000,0.0000,0.0000,0.0000,0.0000,0.0000,0.0000,0.0000,0.0000,-0.2888,0.0000,0.0000,0.0000,0.0000,0.0000,0.0000,0.0000,0.0000,0.0000,0.0000,0.0000,0.0000,0.0000,0.0000,0.0000,-0.2884,0.0000,0.0000,0.0000,0.0000,-0.2884,0.0000,0.0000,-0.2888,0.0000,0.0000,0.0000,0.9602,1.4271,1.0558,1.2532,0.0716,0.7523,2.1062,2.2703,1.5450,1.7898,1.3472,0.0735,-0.0303,2.0083,2.1834,3.0490,4.3391,1.9895,1.7537,1.5399,1.0703,0.0000,-0.2884,0.0000,2.8484,1.4200,1.3672,0.0000,1.5513,0.6148,0.5882,-0.2884,0.6171,1.9488,4.6403,1.0797,0.1734,0.0000,-0.0659,3.6968,2.2167,0.0000,0.4100,1.5697,0.8255,0.0000,0.4695,2.0267,-0.2884,0.0579,0.1370,0.0018,0.5772,-0.2884,0.0700,0.5991,0.1742,1.1514,1.1267,1.4917,1.7428,3.0885,-0.2277,2.1352,0.0000,0.0000,-0.2888,0.0590,0.5862,2.7928,-0.2884,2.0068,0.2502,0.7115,1.8242,0.8604,3.7320,2.0134,0.0000,0.0000,4.8643,1.8744,3.5804,0.2016,2.0816,0.0000,0.0000,2.2774,0.0112,0.2756,0.5106,0.3528,-0.1129,4.2408,1.0429,2.1987,-0.0882,0.5447,0.0520,1.5795,-0.2606,1.1228,1.8442,0.3281,1.0002,1.4992,1.2591,0.0000,1.7083,1.7295,2.6299,0.7245,0.9222,0.1346,0.1041,0.4812,1.4737,0.4812,0.5322,1.8348,0.7331,0.2247,0.4566,-0.2794,2.9796,1.0057,1.3437,0.4613,-0.1215,0.0000,0.0000,0.0000,0.3438,-0.2884,-0.0714,-0.2422,0.0000,-0.2433,0.0821,-0.1564,0.4291,0.0000,0.0000,0.0000,0.8224,0.0716,-0.2868,0.0000,0.2357,0.0000,0.3430,0.0000,-0.2888,0.1844,-0.2888,-0.0781,0.0000,0.0000,0.0065,0.0000,3.0705
0,n/a,,,,,,,,,,,,,,,,,,,,,,,,,,,,,,,,,,,,,,,,,,,,,,,,,,,,,,,,,,,,,,,,,,,,,,,,,,,,,,,,,,,,,,,,,,,,,,,,,,,,,,,,,,,,,,,,,,,,,,,,,,,,,,,,,,,,,,,,,,,,,,,,,,,,,,,,,,,,,,,,,,,,,,,,,,,,,,,,,,,,,,,,,,,,,,,,,,,,,,,,,,
50995,Uba2,1.4982,0.0000,-0.6770,-0.6293,0.3342,0.1575,0.3895,-0.5516,0.0940,-0.3046,-0.4837,0.5333,0.0000,-0.1520,-0.6923,0.7657,-0.1650,-0.6731,0.9661,2.8245,-0.6920,0.0900,0.0186,-0.0472,-0.6949,0.9076,-0.4157,-0.5835,-0.6557,-0.0667,0.7009,-0.4979,0.4538,-0.6646,0.2728,0.8210,0.6514,-0.4544,0.0000,-0.6235,0.5157,0.0000,-0.0367,1.1626,0.0000,0.0000,2.2041,0.2180,-0.6936,2.1754,-0.4289,0.4030,0.6571,-0.1183,0.6005,0.0000,1.8230,2.0801,0.0000,0.3379,0.0000,0.5123,0.0000,-0.5951,-0.0372,0.7312,0.0000,1.8401,1.8504,-0.1312,-0.2029,-0.6083,-0.6918,0.0000,-0.6941,-0.3480,0.8497,-0.0541,-0.6667,0.0000,0.0105,-0.5616,0.4662,0.6514,0.2626,-0.5137,-0.5530,0.0000,0.0000,0.0000,0.9248,0.5107,0.2183,0.2878,0.0000,-0.6883,0.0297,0.8231,1.0012,0.1825,0.0000,-0.0570,1.7603,0.0495,1.0262,-0.6923,-0.1088,-0.6941,-0.6752,-0.3875,0.0000,-0.6502,1.3718,0.0000,0.0000,1.3871,1.2230,0.0000,2.1491,-0.4853,0.0000,0.3184,1.0312,-0.6857,0.0000,0.6500,-0.2221,0.0000,-0.5753,-0.6918,0.3650,-0.1070,1.4761,-0.6918,0.0000,-0.6878,1.4094,0.8647,0.0000,0.9514,0.0000,-0.0988,-0.6449,0.5328,-0.6949,3.0813,0.5083,-0.2914,2.4481,-0.6478,0.2715,0.0000,0.0000,-0.1802,-0.2648,0.0000,0.2886,0.0000,-0.5780,-0.4020,-0.6770,-0.5532,-0.1526,0.0000,-0.6343,1.1761,0.0000,2.8864,0.4472,0.0000,0.4475,-0.5796,-0.1391,-0.6404,1.8059,0.7367,0.0000,-0.3952,0.2154,-0.6412,0.0000,-0.3422,0.0342,-0.6565,0.0000,-0.6944,-0.6138,0.9877,-0.2269,0.0000,0.0000,0.1590,1.0280,-0.2434,-0.3169,0.1488,0.8344,0.9245,-0.6912,0.3060,-0.2795,-0.2037
17132,Maf,-0.4458,0.1730,0.2301,-0.4547,-0.4645,0.0000,-0.1234,-0.3764,-0.3280,-0.2737,-0.3172,-0.3369,0.3095,-0.2892,0.0000,-0.3536,-0.3217,-0.3468,0.0273,-0.0341,-0.2503,-0.0869,-0.3026,0.2854,0.2357,-0.2383,-0.1410,-0.4728,-0.4643,-0.2932,-0.3482,-0.0839,-0.2596,-0.4697,-0.4383,-0.2672,-0.4093,0.1608,-0.3040,-0.2940,0.0917,-0.0397,0.4673,0.4132,1.6933,0.0689,0.0442,0.0872,-0.4700,0.9965,-0.4298,-0.3248,0.5909,-0.2919,1.0084,-0.0101,0.0943,0.1605,0.0505,-0.1882,2.4563,1.3288,0.0000,2.7094,1.8862,1.6350,1.6876,-0.3891,2.4509,0.7443,2.9924,2.6022,2.3926,0.3876,1.3783,1.0202,1.4287,0.2592,1.3142,1.1880,-0.4336,3.0603,1.9652,0.0712,0.2625,1.9255,2.6408,2.1438,0.6541,0.7683,2.3489,0.4151,1.2622,1.0010,0.9480,0.4922,1.1278,0.8124,0.7605,1.5095,1.0682,0.3528,2.3900,0.4428,0.6482,2.1837,3.2520,2.0326,1.5899,3.7691,3.1158,1.3111,2.6001,3.1527,2.7263,1.1859,2.6944,2.6920,-0.0796,0.8280,-0.0698,2.2704,1.1285,1.9598,-0.2067,1.5132,1.8476,2.4110,-0.2514,-0.4733,-0.3080,-0.4451,-0.2524,-0.4723,-0.1134,-0.4000,-0.0660,-0.3320,0.1920,-0.4732,-0.1758,0.0000,0.1274,-0.0944,-0.0825,-0.4728,0.6136,-0.1160,-0.4594,0.2372,0.7753,0.9246,0.3145,0.0000,0.3288,-0.4733,-0.2919,-0.4213,0.0000,-0.4491,0.2045,-0.2691,-0.3172,-0.3306,-0.4477,0.0000,-0.4601,-0.1647,0.9882,0.0000,0.0000,-0.4655,-0.4256,-0.4711,0.0000,-0.4678,-0.4632,0.0000,-0.0455,-0.4338,-0.2429,-0.1201,-0.0183,0.0000,-0.4735,0.7842,-0.1584,-0.4190,0.0000,-0.1003,-0.4730,-0.3386,0.0000,-0.4739,-0.2293,0.0000,-0.2994,0.0000,-0.4312,0.2776,-0.0615,-0.2667
0,n/a,,,,,,,,,,,,,,,,,,,,,,,,,,,,,,,,,,,,,,,,,,,,,,,,,,,,,,,,,,,,,,,,,,,,,,,,,,,,,,,,,,,,,,,,,,,,,,,,,,,,,,,,,,,,,,,,,,,,,,,,,,,,,,,,,,,,,,,,,,,,,,,,,,,,,,,,,,,,,,,,,,,,,,,,,,,,,,,,,,,,,,,,,,,,,,,,,,,,,,,,,,
0,n/a,,,,,,,,,,,,,,,,,,,,,,,,,,,,,,,,,,,,,,,,,,,,,,,,,,,,,,,,,,,,,,,,,,,,,,,,,,,,,,,,,,,,,,,,,,,,,,,,,,,,,,,,,,,,,,,,,,,,,,,,,,,,,,,,,,,,,,,,,,,,,,,,,,,,,,,,,,,,,,,,,,,,,,,,,,,,,,,,,,,,,,,,,,,,,,,,,,,,,,,,,,
27386,Npas3,0.0000,0.0000,0.0000,0.0000,0.0000,0.0000,0.0000,-0.3586,0.0000,0.0000,0.0000,0.0000,0.0000,0.0000,0.0000,0.0000,0.0000,0.0000,0.0000,0.0000,0.0000,-0.1852,-0.3586,0.0000,0.0000,0.0000,0.0000,-0.3600,0.0000,0.0000,-0.3593,0.0000,0.0000,0.0000,0.0000,0.0000,0.0000,0.0000,0.0000,0.0000,-0.2916,-0.1979,0.0924,1.0014,0.7006,0.1326,2.3537,1.8034,-0.2352,-0.2409,6.0039,1.2918,-0.3177,0.6421,-0.2388,2.0549,1.2551,0.5568,2.6574,1.2453,0.5131,0.0805,0.0000,0.0000,0.0000,0.0889,0.0417,-0.0415,-0.0978,0.2052,-0.2042,0.2214,0.0000,1.3721,0.3172,-0.3402,0.0000,-0.3578,-0.3586,0.3968,1.4426,-0.1993,-0.1831,0.2947,1.5229,-0.3043,-0.0126,0.0000,0.0000,0.0000,0.2686,-0.1542,0.5857,-0.1133,-0.1105,0.1164,-0.1472,0.0657,-0.1775,0.0000,1.7054,0.0000,0.0000,-0.1457,0.0000,0.0000,-0.2895,0.0000,1.0367,0.3736,1.0325,0.0000,-0.3586,-0.1577,0.0000,0.1756,-0.2028,-0.0753,1.4778,1.4024,0.0000,0.8048,0.0000,0.0000,-0.1260,0.0000,-0.2395,0.3687,0.8817,3.9145,0.1918,-0.3113,-0.0548,-0.2345,0.4053,-0.3578,1.7470,-0.2345,0.0000,0.5765,0.2820,0.0156,1.0346,0.4504,-0.3226,0.6047,2.2896,-0.3578,-0.3586,0.0000,0.2742,-0.2423,0.0000,-0.2211,0.0000,0.8359,0.5765,1.7026,-0.2775,0.4271,-0.3445,0.8718,0.0000,-0.0746,1.0529,0.4307,0.5455,0.2806,2.6701,1.4010,0.0812,-0.2395,-0.0478,0.0000,-0.3430,0.4567,0.7464,0.0339,0.0000,1.8837,0.6061,0.6477,0.8810,0.0000,0.0480,0.0000,0.7626,0.0000,0.2735,0.1291,0.0000,-0.3578,0.0000,-0.3600,0.3074,0.0000,-0.2810,-0.2204,0.0000,0.1664,4.8665,1.7611
0,n/a,,,,,,,,,,,,,,,,,,,,,,,,,,,,,,,,,,,,,,,,,,,,,,,,,,,,,,,,,,,,,,,,,,,,,,,,,,,,,,,,,,,,,,,,,,,,,,,,,,,,,,,,,,,,,,,,,,,,,,,,,,,,,,,,,,,,,,,,,,,,,,,,,,,,,,,,,,,,,,,,,,,,,,,,,,,,,,,,,,,,,,,,,,,,,,,,,,,,,,,,,,
83453,Chrdl1,0.0000,0.0000,0.0000,0.0000,0.0000,0.0000,0.0000,0.0000,0.0000,0.0000,0.0000,0.0000,0.0000,0.0000,0.0000,0.0000,0.0000,0.0000,0.0000,0.0000,0.0000,0.0000,0.0000,-0.1090,0.0000,0.0000,0.0000,0.0000,-0.1096,0.0000,0.0000,0.0000,0.0000,0.0000,0.0000,0.0000,0.0000,0.0000,0.0000,0.0000,0.0000,0.0000,0.0000,0.0000,0.0000,0.0000,0.0000,0.0000,0.0000,0.0000,0.0000,0.0000,0.0000,0.0000,0.0000,0.0000,-0.1082,0.0000,0.0000,0.0000,0.0000,0.0000,0.0000,0.0000,-0.1084,0.0000,0.0000,0.0000,0.0000,0.0000,0.0000,0.0000,0.0000,0.0000,0.0000,0.0000,0.0000,0.0000,0.0000,0.0000,0.0000,0.0000,0.0000,0.0000,0.0000,0.0000,0.0000,0.0000,0.0000,0.0000,0.0000,0.0000,0.0000,0.0000,0.0000,0.0000,0.0000,0.0000,0.0000,0.0000,0.0000,0.0000,0.0000,0.0000,0.0000,0.0000,0.0000,0.0000,0.0000,0.0000,0.0000,0.0000,0.0000,0.0000,0.0000,0.0000,0.0000,0.0000,0.0000,0.0000,0.6751,0.0000,0.0000,0.0000,0.0000,0.0000,0.0000,-0.1096,0.0000,0.0000,0.0000,0.0000,0.0000,0.0000,0.0000,0.0000,0.0000,0.0000,0.0000,0.0000,0.0000,0.0000,0.0000,0.0000,0.0000,0.0000,0.0000,-0.1000,0.0000,0.0000,0.0000,0.0000,0.0000,0.0000,0.3653,0.0000,0.0000,0.0000,0.0000,0.0000,0.0000,0.0000,0.0000,0.0000,0.0000,0.0000,0.0000,0.0000,0.0000,0.0000,0.0000,0.0000,0.0000,0.0000,0.0000,0.0000,0.0000,0.0000,0.0000,0.0000,0.0000,0.0000,0.0000,0.0000,0.0000,0.0000,0.0000,0.0000,0.0000,0.0000,0.0000,0.0000,0.0000,0.0000,0.0000,0.0000,0.0000,0.0000,0.0000,0.0000,0.0000,0.0000
0,n/a,,,,,,,,,,,,,,,,,,,,,,,,,,,,,,,,,,,,,,,,,,,,,,,,,,,,,,,,,,,,,,,,,,,,,,,,,,,,,,,,,,,,,,,,,,,,,,,,,,,,,,,,,,,,,,,,,,,,,,,,,,,,,,,,,,,,,,,,,,,,,,,,,,,,,,,,,,,,,,,,,,,,,,,,,,,,,,,,,,,,,,,,,,,,,,,,,,,,,,,,,,
0,n/a,,,,,,,,,,,,,,,,,,,,,,,,,,,,,,,,,,,,,,,,,,,,,,,,,,,,,,,,,,,,,,,,,,,,,,,,,,,,,,,,,,,,,,,,,,,,,,,,,,,,,,,,,,,,,,,,,,,,,,,,,,,,,,,,,,,,,,,,,,,,,,,,,,,,,,,,,,,,,,,,,,,,,,,,,,,,,,,,,,,,,,,,,,,,,,,,,,,,,,,,,,
74440,4933407C03Rik,0.1397,0.0345,1.3637,-0.5108,-0.0443,-0.2816,-0.7477,0.2068,-0.6198,-0.2153,-0.7255,-0.2053,-0.0045,-0.0573,-0.0548,0.3728,-0.7841,-0.1994,-0.7913,-0.5264,-0.6525,-0.8608,-0.6756,-0.4744,0.3929,-0.9267,-0.1600,-0.3197,-0.2899,0.7496,-0.6852,-0.7913,0.1456,-0.4538,0.2223,-0.5490,-0.6358,-0.3570,-0.0431,-0.5347,-0.0389,-0.9740,-0.7062,-0.6471,-0.4031,-0.5196,-0.4551,-0.5687,-0.3771,0.6448,0.5723,0.0081,-0.3365,-0.4316,-0.4559,-0.3696,-0.4295,-0.1906,-0.0716,1.5125,-0.4320,-0.7070,-0.9837,-0.9220,0.1527,-0.5628,-0.8047,-0.4920,0.0000,-0.5871,-0.7523,-0.6223,-0.7963,-0.4358,-0.5603,-0.4731,-0.7439,-0.9258,-0.6068,0.2017,0.1804,0.4440,-0.4023,-0.3390,-0.6429,0.8150,-0.0347,1.5351,0.6142,-0.0934,-0.8839,-0.2878,-0.8466,-0.8659,0.0000,0.2340,-0.5016,-0.6282,-0.3373,-0.7083,-0.4211,0.7978,0.0894,-0.4538,-0.1353,1.4877,-0.2032,-0.4404,-0.7422,-0.5746,-0.5150,-0.9841,-0.2661,-0.6244,-0.5440,-0.4781,-0.9841,-0.8214,-0.1449,-0.6915,-0.3763,-0.0347,-0.7255,-0.6576,0.1192,-0.9258,-0.1948,0.1569,-0.2040,0.0173,-0.3042,-0.3138,0.9533,-0.2426,0.3853,0.0000,0.3925,-0.4027,-0.9547,-0.9761,-0.9631,-0.8181,-0.1374,-0.5511,-0.0363,0.1053,0.3778,-0.9229,-0.1198,0.2231,-0.6781,-0.8684,0.5425,0.1913,0.5220,-0.0854,-0.8072,-0.2623,0.3380,-0.8282,-0.6307,0.9059,-0.6408,0.2118,-0.7489,-0.8793,0.0588,2.2359,1.3025,-0.9019,-0.8034,0.2730,-0.8797,-0.5477,-0.9573,-0.1210,-0.1638,-0.5385,-0.2099,0.3266,1.3322,-0.3025,-0.3910,-0.9258,0.6339,-0.3637,-0.3876,0.2822,1.0388,-0.3348,0.0697,-0.9187,-0.0087,-0.9824,-0.8294,0.0370,-0.4526,-0.1956,0.5748,-0.8977,-0.7317,-0.4513
0,n/a,,,,,,,,,,,,,,,,,,,,,,,,,,,,,,,,,,,,,,,,,,,,,,,,,,,,,,,,,,,,,,,,,,,,,,,,,,,,,,,,,,,,,,,,,,,,,,,,,,,,,,,,,,,,,,,,,,,,,,,,,,,,,,,,,,,,,,,,,,,,,,,,,,,,,,,,,,,,,,,,,,,,,,,,,,,,,,,,,,,,,,,,,,,,,,,,,,,,,,,,,,
0,n/a,,,,,,,,,,,,,,,,,,,,,,,,,,,,,,,,,,,,,,,,,,,,,,,,,,,,,,,,,,,,,,,,,,,,,,,,,,,,,,,,,,,,,,,,,,,,,,,,,,,,,,,,,,,,,,,,,,,,,,,,,,,,,,,,,,,,,,,,,,,,,,,,,,,,,,,,,,,,,,,,,,,,,,,,,,,,,,,,,,,,,,,,,,,,,,,,,,,,,,,,,,
74194,Rnd3,0.2543,0.0062,-0.4997,-0.2596,0.3790,0.8646,-0.5198,0.7974,0.6186,0.0000,-0.4173,-0.0192,0.0000,-0.4782,-0.4053,-0.4833,-0.4905,-0.0465,-0.5374,-0.4579,1.0240,-0.4775,0.0982,-0.3565,0.0161,-0.2750,0.1789,-0.5408,-0.4690,0.6911,-0.5314,-0.4876,0.1941,-0.0320,0.1350,-0.3651,-0.4036,-0.1467,0.4108,-0.2105,-0.0482,0.3318,0.7438,-0.3886,-0.5396,0.0000,-0.2514,-0.3313,1.2625,1.6601,0.6140,1.1296,-0.4777,-0.5012,-0.3970,0.8179,3.4438,0.1717,-0.4323,2.1885,0.6735,1.3335,0.0000,0.8486,0.1917,-0.4550,-0.1098,0.5558,0.1753,-0.5217,0.5022,0.2521,0.2567,0.0207,-0.2859,1.3888,1.6220,0.6085,-0.5398,0.1995,-0.2726,0.4618,-0.0547,0.0000,0.6256,0.6800,-0.5403,-0.5379,-0.4212,0.0000,-0.3161,0.0775,-0.3963,-0.4533,0.6667,0.0000,-0.4371,0.3355,-0.4898,0.5551,0.0000,-0.3586,-0.4171,0.2096,-0.3864,0.0000,-0.5367,-0.0122,0.1296,-0.4451,0.4952,-0.5398,1.0793,0.3062,0.5481,-0.5314,0.9064,2.0607,-0.4632,-0.4869,-0.5152,-0.3352,-0.5258,0.9404,0.3116,0.0700,0.0108,-0.1373,0.0000,1.1743,-0.5062,-0.4652,-0.5393,-0.4456,-0.3492,-0.3859,2.8964,0.0000,-0.0892,0.3932,0.8812,1.3470,0.0000,-0.5289,0.2847,-0.5391,-0.0818,0.9225,0.0000,0.3401,-0.3173,0.0000,-0.5159,-0.5333,-0.5219,0.0000,1.4299,0.5602,0.0390,0.0000,-0.2388,0.0000,0.8820,0.8708,2.0109,-0.3400,0.4812,-0.4374,0.1557,0.3792,-0.5405,0.0000,-0.5376,-0.4722,-0.3294,0.3937,0.0514,-0.5222,-0.2784,1.1308,0.3620,1.6333,2.2878,0.0000,0.0000,0.7249,0.0000,0.0000,0.0000,0.0000,0.0000,-0.5393,0.0000,0.0000,-0.5405,0.0000,0.0000,0.0000,0.0000,0.0000,-0.5335,-0.2330
0,n/a,,,,,,,,,,,,,,,,,,,,,,,,,,,,,,,,,,,,,,,,,,,,,,,,,,,,,,,,,,,,,,,,,,,,,,,,,,,,,,,,,,,,,,,,,,,,,,,,,,,,,,,,,,,,,,,,,,,,,,,,,,,,,,,,,,,,,,,,,,,,,,,,,,,,,,,,,,,,,,,,,,,,,,,,,,,,,,,,,,,,,,,,,,,,,,,,,,,,,,,,,,
432442,Akap7,0.6434,-0.2343,0.0000,-0.6366,-0.2042,-0.1145,-0.0041,0.3494,0.3944,-0.1110,-0.5365,-0.0858,-0.5282,0.3851,-0.6356,0.5111,-0.1678,-0.6331,-0.6286,0.2206,0.3615,-0.4493,0.9269,0.5450,-0.1997,1.5543,0.1327,-0.6366,-0.5320,1.3285,-0.4458,1.3905,1.1232,-0.1491,1.2143,0.0534,-0.2869,-0.1142,-0.5919,1.2731,0.0000,-0.6318,-0.6331,0.0257,-0.3129,1.9244,0.5208,2.4586,1.7267,0.9141,1.7654,1.9372,-0.4929,-0.6352,0.2615,0.3788,-0.1903,-0.6027,0.6139,1.2008,2.3699,0.0486,0.0000,-0.6366,-0.6366,0.9148,-0.4116,-0.6093,-0.6328,-0.6363,-0.6009,0.3595,-0.4434,0.5537,-0.6359,3.7538,0.2840,0.0000,-0.6356,-0.0498,0.9068,1.2292,2.4520,0.1386,-0.6349,-0.1100,1.0017,0.0742,-0.1367,-0.6335,0.5800,-0.6262,-0.4116,-0.5127,-0.2205,-0.6359,1.4459,0.2819,0.5783,-0.6345,-0.6349,-0.6193,1.2150,-0.6262,-0.6318,-0.3621,-0.3119,0.7299,-0.5037,0.2549,-0.5518,0.0000,-0.6224,-0.6259,-0.3988,-0.0318,0.5783,-0.6300,-0.5179,0.2220,-0.5902,0.7611,-0.6342,-0.6196,0.6866,0.9248,-0.6331,-0.6311,0.3352,1.9320,0.0000,1.0997,0.8293,1.9746,3.4692,-0.6352,0.3820,1.2177,-0.0816,0.0000,-0.3517,0.4533,-0.2620,-0.6179,0.7902,0.9913,0.4079,0.2760,3.1129,-0.0640,-0.6369,-0.6314,0.9428,-0.6238,-0.5947,1.3638,-0.3766,0.1625,-0.2239,2.6085,3.0347,-0.6376,1.4165,0.3989,0.6350,1.7260,1.1308,1.8852,0.6686,1.9403,1.1679,1.4338,0.9934,0.7836,0.7292,-0.4749,-0.6359,0.0887,0.2421,-0.3922,0.8224,1.2053,0.0607,0.0226,0.0000,0.0763,-0.6231,1.0671,1.3742,0.1860,-0.2713,0.1798,0.2611,0.0000,1.7582,-0.6290,0.5080,-0.6338,-0.6293,-0.5580,2.3890,0.7773
11878,Arx,0.0000,0.0000,1.9605,-0.1612,0.4710,-0.0833,0.0608,0.0000,0.0000,0.6842,0.7122,0.0000,-0.0907,0.4725,2.9207,0.0000,0.1887,-0.1804,0.0000,0.6034,0.6563,0.0000,0.3446,-0.3436,0.5416,0.1828,1.2047,0.0000,0.0000,0.0000,-0.1348,0.7636,0.0000,-0.1010,-0.2598,0.2255,-0.3142,0.9504,0.0000,0.2931,3.5529,0.0000,-0.3392,-0.3421,0.0000,4.0587,3.0589,-0.2509,0.3990,0.0000,1.6209,-0.2803,4.7366,0.6401,0.0000,-0.2539,-0.1304,2.9442,3.5559,0.7666,0.0000,-0.0098,0.0000,1.0871,0.3078,0.1990,2.0605,0.0000,0.0000,0.0000,-0.3068,2.3090,0.0000,1.5150,-0.3230,9.9315,2.0546,0.0000,-0.2230,3.7132,0.0000,-0.2965,0.7901,2.2193,-0.2245,0.2799,0.0000,1.0812,0.0000,0.3460,0.0000,0.4151,1.5914,0.0000,-0.2936,-0.3392,-0.2774,0.0000,0.2872,0.4828,3.0265,0.0000,4.1440,3.6794,0.0000,1.4782,0.1916,0.6945,0.4240,0.1711,0.0000,0.0000,4.3308,-0.3098,0.0000,0.4637,4.6366,1.7929,0.7077,0.1858,-0.0363,0.0000,0.4681,0.0000,0.0000,-0.3377,1.0004,2.5266,1.5076,1.4532,0.0000,2.1884,-0.0583,0.1255,0.0000,0.0000,0.0000,0.0000,-0.3083,-0.3406,0.0000,0.1843,6.9333,0.0000,0.8386,5.9188,4.0970,1.7414,3.0442,0.6519,-0.2671,0.0373,0.1931,0.0000,0.0000,0.0000,0.4004,1.9458,0.0931,0.6769,0.0000,0.6092,-0.2803,6.1114,3.9955,0.0000,1.7870,0.0000,0.9033,4.1896,-0.3450,2.5090,0.0000,-0.2715,1.4562,3.7382,1.9340,0.7798,-0.2304,1.5841,1.4106,-0.3392,1.1239,2.2443,-0.3450,-0.3495,1.3944,1.5870,0.0000,0.0000,0.0000,2.5590,0.0000,0.0000,0.0000,0.0000,2.5634,-0.3450,0.0000,0.1549,0.0000,0.0000
19883,Rora,0.0000,0.0000,0.0000,0.0000,0.0000,0.0000,0.0000,0.0000,0.0000,0.0000,0.0000,0.0000,0.0000,0.0000,0.0000,0.0000,0.0000,0.0000,0.0000,0.0000,0.0000,0.0000,0.0000,0.0000,0.0000,0.0000,-0.2143,0.0000,0.0000,0.0000,-0.3710,0.0000,0.0000,0.0000,0.0000,0.0000,0.0000,0.0000,0.0000,0.0000,-0.3011,0.0000,0.0000,0.0000,0.0000,0.0000,0.0000,0.0000,0.0000,0.0000,0.0000,0.0000,0.0000,0.0000,0.4176,0.0000,0.0000,0.0000,0.0000,0.0000,0.0000,0.0000,0.0000,0.0000,0.0000,0.0000,0.0000,0.0000,0.0000,0.0000,0.0000,0.0000,0.0000,0.0000,-0.3719,0.0000,0.0000,-0.3615,0.0000,1.0629,0.0000,0.0000,-0.3693,0.0000,-0.3671,0.0000,0.0000,0.0000,0.0000,0.0000,0.0000,0.0000,0.0000,0.0000,0.4971,0.0000,0.0000,0.0000,0.0000,0.0000,0.0000,0.9248,0.0000,0.0000,0.0000,0.0000,0.0000,0.0000,0.0000,-0.3645,0.0000,0.0000,0.0000,0.0000,0.0000,0.0000,0.0000,0.0000,0.0000,0.0000,0.0000,0.0000,0.0000,0.0000,0.0000,0.0000,0.0000,0.0000,1.0403,0.0000,-0.3667,-0.3502,0.0000,0.0000,0.0000,0.0915,1.9145,0.0000,-0.3233,0.0000,0.0000,0.0000,-0.3676,0.0000,0.0000,0.0000,0.0000,0.0000,0.0000,0.0000,-0.0888,0.0000,0.0000,0.0000,0.0000,0.0000,0.0000,0.0000,0.0000,0.0000,0.0000,0.0000,0.0000,0.0000,0.0000,0.0000,0.0000,0.0000,-0.3689,0.0000,0.0000,0.0000,0.9709,0.0000,0.0000,0.0000,0.0000,0.0000,0.0000,0.1562,0.0915,0.0000,0.0000,0.0000,0.0000,0.0000,0.0000,0.0000,0.0000,0.0000,-0.3710,0.0000,0.0000,0.0000,0.0000,0.0000,0.0000,0.0000,-0.2890,1.1350,0.0000,0.0000
0,n/a,,,,,,,,,,,,,,,,,,,,,,,,,,,,,,,,,,,,,,,,,,,,,,,,,,,,,,,,,,,,,,,,,,,,,,,,,,,,,,,,,,,,,,,,,,,,,,,,,,,,,,,,,,,,,,,,,,,,,,,,,,,,,,,,,,,,,,,,,,,,,,,,,,,,,,,,,,,,,,,,,,,,,,,,,,,,,,,,,,,,,,,,,,,,,,,,,,,,,,,,,,
246317,Neto1,0.0000,0.0000,-0.2597,0.4644,-0.5705,0.4235,0.6506,-0.4989,0.4702,-0.2162,0.0000,-0.4151,-0.5732,-0.1191,1.5343,-0.1594,0.0000,0.5211,-0.2215,-0.5064,0.0000,0.0517,2.1820,0.4814,-0.3812,1.5508,-0.5721,0.0000,-0.3711,0.1912,0.0000,0.0000,0.1514,0.0000,0.5784,0.3196,0.0000,-0.4268,0.9460,0.2761,0.5588,3.5676,1.8048,-0.5743,0.5142,1.7751,1.5884,2.2282,-0.5737,1.2081,-0.1775,1.5306,1.0649,-0.4204,0.8819,0.8994,-0.1451,1.4871,-0.0162,-0.5159,-0.2608,2.0791,0.0000,0.2957,0.0000,0.7927,0.9216,1.6229,1.6685,1.6335,5.6830,-0.2438,3.4275,0.0034,3.0053,1.5455,0.6320,2.0945,-0.2019,2.8430,1.7942,2.2579,0.6172,0.3450,1.5014,1.7587,-0.4358,0.2501,1.7226,0.4713,-0.5642,-0.1149,0.7487,1.8160,0.8813,0.0506,5.7509,-0.1939,0.8453,4.7266,0.2204,2.2133,-0.4634,4.9314,0.3896,1.2659,1.4728,-0.2655,3.1055,1.2160,1.6754,0.5604,1.5232,-0.2056,3.1384,0.1748,0.8352,2.7353,2.0791,0.4246,-0.2040,1.6017,3.8933,1.3152,0.4914,4.0089,3.0291,-0.1016,-0.4141,0.6447,3.7739,-0.5737,4.9871,-0.5737,0.0000,1.1052,0.0000,-0.2305,0.0000,0.9699,5.8899,1.0643,-0.2974,-0.5546,-0.5451,-0.2167,1.5136,0.4734,1.7985,0.5641,2.2849,0.2872,2.6626,0.0000,1.1534,2.9671,1.8483,0.6416,0.9879,0.4410,0.0000,2.3687,3.7994,-0.2963,0.7360,1.9942,-0.3069,-0.5689,-0.1334,1.3518,1.5794,0.7201,0.7604,0.7482,0.0000,-0.1610,0.8495,1.2680,2.5761,1.1015,3.7803,3.5023,-0.4024,-0.3085,0.7858,3.0737,1.2919,0.7572,1.1975,1.6165,0.0000,-0.0682,1.1121,1.3773,-0.5170,0.0000,0.1429,0.0000,0.0000,3.4371,2.0966,3.0371
0,n/a,,,,,,,,,,,,,,,,,,,,,,,,,,,,,,,,,,,,,,,,,,,,,,,,,,,,,,,,,,,,,,,,,,,,,,,,,,,,,,,,,,,,,,,,,,,,,,,,,,,,,,,,,,,,,,,,,,,,,,,,,,,,,,,,,,,,,,,,,,,,,,,,,,,,,,,,,,,,,,,,,,,,,,,,,,,,,,,,,,,,,,,,,,,,,,,,,,,,,,,,,,
0,n/a,,,,,,,,,,,,,,,,,,,,,,,,,,,,,,,,,,,,,,,,,,,,,,,,,,,,,,,,,,,,,,,,,,,,,,,,,,,,,,,,,,,,,,,,,,,,,,,,,,,,,,,,,,,,,,,,,,,,,,,,,,,,,,,,,,,,,,,,,,,,,,,,,,,,,,,,,,,,,,,,,,,,,,,,,,,,,,,,,,,,,,,,,,,,,,,,,,,,,,,,,,
0,n/a,,,,,,,,,,,,,,,,,,,,,,,,,,,,,,,,,,,,,,,,,,,,,,,,,,,,,,,,,,,,,,,,,,,,,,,,,,,,,,,,,,,,,,,,,,,,,,,,,,,,,,,,,,,,,,,,,,,,,,,,,,,,,,,,,,,,,,,,,,,,,,,,,,,,,,,,,,,,,,,,,,,,,,,,,,,,,,,,,,,,,,,,,,,,,,,,,,,,,,,,,,
20230,Satb1,-0.5397,0.2700,-0.6274,-0.6505,-0.3234,-0.4365,-0.6021,-0.4560,0.1714,-0.6220,-0.6374,0.1126,-0.2950,0.2266,-0.4591,-0.5261,-0.3927,0.1515,0.2759,-0.4311,-0.0828,-0.2823,-0.6138,-0.3130,-0.0249,-0.3637,-0.6315,-0.6428,-0.4515,0.8295,-0.2438,-0.5876,0.2560,-0.2610,0.6477,1.1231,-0.1479,-0.4646,1.5718,0.1877,-0.5460,2.4357,5.7875,3.7506,4.1736,6.1615,0.8996,5.0737,0.3026,2.4516,5.1470,4.4282,0.6522,3.5209,3.7782,4.2903,1.2823,3.5195,3.4580,5.2962,0.2207,1.7496,0.0000,-0.5976,0.0624,0.3315,1.9626,0.3428,-0.6532,0.1809,0.2641,0.4356,-0.1683,1.7758,-0.3361,3.9646,-0.3972,-0.5994,-0.3990,-0.1959,1.6378,0.7468,1.7274,0.7382,2.8636,1.6229,0.8309,-0.2371,1.8310,0.6441,-0.2049,-0.6663,0.0986,-0.2470,0.4487,0.3293,0.6215,0.4546,-0.5062,-0.6677,-0.6446,0.6902,-0.2470,-0.6636,-0.3809,-0.2325,-0.6514,0.6287,0.1076,0.0248,0.4161,-0.1127,1.1900,0.1633,1.0304,-0.5908,-0.0652,-0.6586,0.3496,-0.0910,-0.5406,0.4731,-0.3827,-0.5320,0.2727,0.2718,0.5613,-0.6686,1.2199,1.2692,0.8571,3.7723,1.1842,0.6771,0.6065,0.3125,-0.6659,2.7157,0.0343,0.2908,9.7172,2.0965,1.2543,0.2112,1.0566,3.7977,1.1199,0.8910,1.4393,0.4256,1.0842,5.1881,1.4424,1.8857,1.7916,2.5244,0.1949,2.4158,3.7619,1.8807,1.2253,0.7287,-0.2122,0.8327,2.6280,2.6406,3.1083,1.7342,4.1618,1.8473,1.6559,0.8630,2.0671,2.7818,1.4736,1.9065,2.1992,1.9979,1.6577,3.0608,2.3358,3.6765,1.5306,2.3534,0.5613,1.3673,1.3827,-0.1005,3.9976,0.7431,3.1201,0.2379,-0.5392,1.8654,0.6314,-0.2583,1.2316,-0.1660,0.2881,0.3256,0.5500,2.6578
378435,Mafa,0.0000,0.0000,0.0000,0.0000,0.0000,0.0000,0.0000,0.0000,0.0000,0.0000,0.0000,0.0000,0.0000,0.0000,0.0000,0.0000,0.0000,0.0000,0.0000,0.0000,0.0000,0.0000,0.0000,0.0000,0.0000,0.0000,0.0000,0.0000,0.0000,0.0000,0.0000,0.0000,0.0000,0.0000,0.0000,0.0000,0.0000,0.0000,0.0000,0.0000,0.0000,0.0000,0.0000,0.0000,0.0000,0.0000,0.0000,0.0000,0.0000,0.0000,0.0000,0.0000,0.0000,0.0000,0.0000,0.0000,0.0000,0.0000,0.0000,0.0000,0.0000,0.0000,0.0000,0.0000,0.0000,0.0000,0.0000,0.0000,0.0000,0.0000,0.0000,0.0000,0.0000,0.0000,0.0000,0.0000,0.0000,0.0000,0.0000,0.0000,0.0000,0.0000,0.0000,0.0000,0.0000,0.0000,0.0000,0.0000,0.0000,0.0000,0.0000,0.0000,0.0000,0.0000,0.0000,0.0000,0.0000,0.0000,0.0000,0.0000,0.0000,0.0000,0.0000,0.0000,0.0000,0.0000,0.0000,0.0000,0.0000,0.0000,0.0000,0.0000,0.0000,0.0000,0.0000,0.0000,0.0000,0.0000,0.0000,0.0000,0.0000,0.0000,0.0000,0.0000,0.0000,0.0000,0.0000,0.0000,0.0000,0.0000,0.0000,0.0000,0.0000,0.0000,0.0000,0.0000,0.0000,0.0000,0.0000,0.0000,0.0000,0.0000,0.0000,0.0000,0.0000,0.0000,0.0000,0.0000,0.0000,0.0000,0.0000,0.0000,0.0000,0.0000,0.0000,0.0000,0.0000,0.0000,0.0000,0.0000,0.0000,0.0000,0.0000,0.0000,0.0000,0.0000,0.0000,0.0000,0.0000,0.0000,0.0000,0.0000,0.0000,0.0000,0.0000,0.0000,0.0000,0.0000,0.0000,0.0000,0.0000,0.0000,0.0000,0.0000,0.0000,0.0000,0.0000,0.0000,0.0000,0.0000,0.0000,0.0000,0.0000,0.0000,0.0000,0.0000,0.0000,0.0000,0.0000,0.0000,0.0000,0.0000
17134,Mafg,0.0000,-0.3536,-0.0973,0.0000,-0.3460,0.0000,0.0000,-0.2395,-0.3787,0.0000,0.0000,-0.3703,0.0000,-0.1581,0.0000,0.0229,0.0000,0.0000,0.6329,-0.3483,-0.3597,-0.4061,0.0000,0.6070,-0.2448,-0.2387,-0.3285,0.4633,-0.2258,0.0000,-0.3445,-0.3232,0.0000,0.0000,-0.3939,0.0000,-0.3140,0.0000,0.0000,0.5743,0.0000,-0.0600,0.0000,0.0000,0.0000,1.0284,2.8325,0.0000,0.5606,0.0000,0.0000,0.0000,0.0000,0.0000,0.0000,0.0000,-0.1482,0.0000,-0.4038,4.4146,0.0000,-0.0387,0.0000,0.0000,0.0000,-0.2540,0.0799,2.4241,0.0000,0.0000,-0.0592,0.0000,0.0000,3.1702,1.2011,2.0468,-0.4122,-0.3407,2.9268,1.2573,0.0000,-0.1475,0.0000,0.0000,0.0556,-0.3095,-0.0935,0.0000,0.8953,0.0000,1.0695,0.0000,-0.4000,0.0000,0.0000,1.6346,1.4992,0.0000,0.0000,0.7379,4.8253,0.0000,-0.3133,0.0000,0.0000,0.0000,0.1796,0.0000,-0.2692,-0.2752,0.0701,3.1101,0.0000,-0.0060,0.0000,1.1083,0.0000,0.0000,0.0000,1.0079,0.0000,-0.3057,3.1649,0.0000,0.0000,0.5599,0.0000,0.0000,-0.0950,0.0000,0.0000,0.0000,-0.2737,-0.2935,0.0000,-0.1574,0.0000,0.0000,-0.2365,-0.4045,0.0000,0.0000,0.0000,0.1256,1.0953,0.0000,0.4062,-0.3011,0.0000,0.0000,0.0000,0.0000,-0.2821,0.0000,-0.3931,0.0000,0.0000,0.0000,0.0000,-0.0524,0.1195,0.0000,0.0000,-0.3452,0.0000,0.0000,0.1887,0.6359,-0.1718,-0.3338,0.0000,0.0000,0.2876,0.0000,0.0000,0.0054,0.0000,0.0000,-0.3969,-0.3574,-0.3201,0.0000,-0.3604,0.0000,1.6757,0.0000,-0.2722,0.0000,-0.0745,0.0000,-0.3369,0.0807,0.0000,0.0000,-0.2790,0.0000,-0.0334,0.2792,0.4823,-0.2889,0.0000,0.0000
0,n/a,,,,,,,,,,,,,,,,,,,,,,,,,,,,,,,,,,,,,,,,,,,,,,,,,,,,,,,,,,,,,,,,,,,,,,,,,,,,,,,,,,,,,,,,,,,,,,,,,,,,,,,,,,,,,,,,,,,,,,,,,,,,,,,,,,,,,,,,,,,,,,,,,,,,,,,,,,,,,,,,,,,,,,,,,,,,,,,,,,,,,,,,,,,,,,,,,,,,,,,,,,
0,n/a,,,,,,,,,,,,,,,,,,,,,,,,,,,,,,,,,,,,,,,,,,,,,,,,,,,,,,,,,,,,,,,,,,,,,,,,,,,,,,,,,,,,,,,,,,,,,,,,,,,,,,,,,,,,,,,,,,,,,,,,,,,,,,,,,,,,,,,,,,,,,,,,,,,,,,,,,,,,,,,,,,,,,,,,,,,,,,,,,,,,,,,,,,,,,,,,,,,,,,,,,,
0,n/a,,,,,,,,,,,,,,,,,,,,,,,,,,,,,,,,,,,,,,,,,,,,,,,,,,,,,,,,,,,,,,,,,,,,,,,,,,,,,,,,,,,,,,,,,,,,,,,,,,,,,,,,,,,,,,,,,,,,,,,,,,,,,,,,,,,,,,,,,,,,,,,,,,,,,,,,,,,,,,,,,,,,,,,,,,,,,,,,,,,,,,,,,,,,,,,,,,,,,,,,,,
0,n/a,,,,,,,,,,,,,,,,,,,,,,,,,,,,,,,,,,,,,,,,,,,,,,,,,,,,,,,,,,,,,,,,,,,,,,,,,,,,,,,,,,,,,,,,,,,,,,,,,,,,,,,,,,,,,,,,,,,,,,,,,,,,,,,,,,,,,,,,,,,,,,,,,,,,,,,,,,,,,,,,,,,,,,,,,,,,,,,,,,,,,,,,,,,,,,,,,,,,,,,,,,
0,n/a,,,,,,,,,,,,,,,,,,,,,,,,,,,,,,,,,,,,,,,,,,,,,,,,,,,,,,,,,,,,,,,,,,,,,,,,,,,,,,,,,,,,,,,,,,,,,,,,,,,,,,,,,,,,,,,,,,,,,,,,,,,,,,,,,,,,,,,,,,,,,,,,,,,,,,,,,,,,,,,,,,,,,,,,,,,,,,,,,,,,,,,,,,,,,,,,,,,,,,,,,,
0,n/a,,,,,,,,,,,,,,,,,,,,,,,,,,,,,,,,,,,,,,,,,,,,,,,,,,,,,,,,,,,,,,,,,,,,,,,,,,,,,,,,,,,,,,,,,,,,,,,,,,,,,,,,,,,,,,,,,,,,,,,,,,,,,,,,,,,,,,,,,,,,,,,,,,,,,,,,,,,,,,,,,,,,,,,,,,,,,,,,,,,,,,,,,,,,,,,,,,,,,,,,,,
16658,Mafb,-0.2750,0.0000,0.3464,0.0000,-0.2767,-0.2733,0.0000,2.5131,0.0000,0.4079,-0.2750,-0.0255,0.0030,0.1617,-0.2742,-0.2589,-0.1829,-0.2746,1.3255,0.0000,0.1099,0.6974,0.0998,0.0000,0.3616,-0.0136,0.0000,0.0000,0.2959,0.9665,0.3026,0.0000,0.8048,0.1057,-0.2572,-0.2470,0.1507,0.1498,0.4966,-0.2733,-0.0110,-0.0658,0.2063,0.2789,-0.2661,1.1439,0.4724,0.0000,-0.2695,1.2423,-0.0679,0.3417,-0.2746,0.6295,-0.1604,-0.2695,-0.2720,-0.2742,0.4792,0.3557,0.7725,0.4253,0.0000,0.0000,0.3935,0.3994,0.3773,1.1163,1.4172,1.1647,-0.0857,0.9109,1.2398,0.1256,0.3858,2.9397,0.5985,0.0000,-0.2746,0.8561,0.6498,2.4117,1.1957,0.2262,2.3332,0.2279,-0.2288,-0.2665,0.4818,0.9410,1.7801,2.4736,-0.2627,0.6681,-0.2118,-0.0985,2.2555,-0.1774,0.1588,2.0479,2.7169,0.5136,-0.2249,0.2869,0.6006,1.6664,1.5017,-0.0891,-0.0106,1.3557,3.7249,0.0000,4.4409,3.2550,-0.2716,1.2508,0.0000,0.3697,2.4193,0.2683,0.2207,0.2640,-0.1541,-0.2746,1.0781,0.8845,0.6562,1.6099,-0.2737,0.0000,0.0000,0.0259,0.6919,-0.2733,-0.2534,1.4469,0.3655,0.0000,0.0000,0.0000,-0.0636,0.1248,1.3035,-0.1766,0.9754,0.0000,-0.0038,-0.2754,-0.2627,0.6583,-0.2440,0.0000,0.3485,0.8141,0.2725,-0.2729,-0.2704,0.8154,0.3425,1.1549,-0.2716,0.2844,0.0454,0.0000,-0.2687,0.0000,1.3056,1.0331,0.0000,-0.2678,-0.1384,0.0000,0.3897,-0.2237,0.2496,-0.2275,0.0285,0.3667,0.8744,0.6515,0.7292,0.1044,-0.2249,-0.2746,0.0000,0.2419,0.0000,-0.2754,-0.2118,0.5959,0.0000,-0.0233,-0.2708,0.0832,-0.2737,0.0000,-0.1889,-0.2750,-0.2716,1.0853,-0.2661,1.3158
0,n/a,,,,,,,,,,,,,,,,,,,,,,,,,,,,,,,,,,,,,,,,,,,,,,,,,,,,,,,,,,,,,,,,,,,,,,,,,,,,,,,,,,,,,,,,,,,,,,,,,,,,,,,,,,,,,,,,,,,,,,,,,,,,,,,,,,,,,,,,,,,,,,,,,,,,,,,,,,,,,,,,,,,,,,,,,,,,,,,,,,,,,,,,,,,,,,,,,,,,,,,,,,
18142,Npas1,0.0000,0.0000,0.0000,0.0000,0.0000,0.0000,0.0000,0.0000,0.0000,0.0000,0.0000,0.0000,0.0000,0.0000,0.0000,0.0000,0.0000,0.0000,0.0000,0.0000,0.0000,0.0000,0.0000,0.0000,0.0000,0.0000,0.0000,0.0000,0.0000,0.0000,0.0000,0.0000,0.0000,0.0000,0.0000,0.0000,0.0000,0.0000,0.0000,0.0000,0.0000,0.0000,5.4024,0.0157,0.0000,1.0282,-0.1083,0.0000,0.0000,-0.0765,-0.0734,0.9439,0.0000,-0.1481,0.4194,-0.0861,-0.1655,4.0752,-0.1353,0.0000,0.0000,0.0000,0.0000,0.0000,0.0000,1.5129,0.0000,0.0459,0.0000,-0.1306,0.0000,0.0000,0.0000,0.3161,0.0000,0.0000,0.0000,0.0000,0.0000,0.0000,0.1110,0.0000,0.0000,6.6612,-0.1194,0.0000,0.0000,0.0000,0.0000,0.0000,0.0000,0.0000,0.0000,0.0000,0.0000,0.0000,0.0000,0.0000,0.0000,0.0000,-0.0257,0.0000,0.0000,0.0000,0.0000,0.0000,0.0000,0.0000,0.0000,0.0000,0.0000,0.0000,0.0000,0.0000,0.0000,0.0000,0.0000,0.0000,0.5259,0.0000,0.0000,3.3504,0.0000,0.0000,-0.0050,0.0000,0.0000,0.0000,0.1555,2.0820,0.0000,0.0000,0.0000,0.0000,0.0000,0.0000,0.3002,0.0000,0.0000,0.0000,0.0000,6.6088,0.0000,-0.1290,6.4848,0.0000,0.2207,0.0000,0.0204,-0.1544,0.0000,1.2952,0.0000,0.0000,0.0000,0.0000,2.9625,0.0000,0.0000,0.8724,0.1253,0.0000,5.6853,0.0000,0.0000,8.0457,2.5747,0.0000,2.6558,2.3188,2.5000,-0.1687,0.4416,0.9312,0.0000,0.9598,2.8481,0.2159,1.7402,-0.1560,0.2239,3.8670,0.0045,0.0014,0.0000,0.0000,1.8928,0.0000,0.0000,0.0000,0.0000,2.5906,5.9492,0.0000,0.0000,0.0000,0.0000,0.0000,0.0000,-0.0447,0.0000,0.5052
13992,Khdrbs3,-0.8373,-0.8465,0.0000,-0.8705,-0.6004,-0.8798,-0.3352,-0.8763,0.1890,-0.8315,-0.8715,0.0000,-0.8868,-0.8802,-0.8833,-0.8862,-0.8474,-0.8848,-0.8649,-0.2734,0.0000,-0.8606,-0.4306,0.0000,-0.8509,-0.8817,-0.4851,-0.8843,-0.8877,-0.8800,-0.8839,-0.8356,-0.6472,-0.4463,-0.8773,-0.7959,-0.7643,0.0000,-0.3990,0.0000,-0.8808,0.0000,-0.8410,0.0000,-0.8253,-0.7038,-0.8125,-0.8503,-0.8435,0.2845,-0.8887,-0.4492,-0.3992,-0.8263,-0.3401,-0.8606,0.0564,-0.8315,-0.4640,-0.8170,-0.8810,0.0000,-0.7875,0.2394,-0.7933,-0.8753,-0.4830,-0.8005,-0.8185,0.6252,-0.3573,-0.0826,-0.8321,-0.8401,-0.5452,0.3795,-0.8881,0.1130,0.4668,0.6199,-0.5198,-0.8808,-0.2466,-0.8067,-0.2294,-0.8877,-0.8841,0.8446,-0.8835,-0.0167,-0.8614,-0.4669,0.0000,-0.8521,-0.8530,-0.3052,-0.5082,-0.1080,-0.2728,-0.2059,0.0000,-0.8846,-0.8722,0.7680,-0.8631,-0.7947,-0.7280,-0.2647,-0.8501,-0.8759,-0.8724,-0.8701,-0.2992,-0.8201,-0.7784,-0.7838,0.0000,-0.1257,0.1353,-0.8102,-0.5295,-0.1753,-0.8658,0.0986,-0.7201,-0.0024,-0.8870,-0.8203,-0.0433,-0.1389,0.7709,-0.8364,-0.2065,-0.4595,-0.8755,0.0000,0.0000,-0.7166,-0.8509,-0.5572,0.2613,-0.8806,0.3993,0.0953,-0.8383,-0.7536,0.6283,-0.3374,0.0085,-0.8523,-0.6834,2.1947,-0.0202,0.7405,0.1754,-0.8108,-0.8207,-0.8255,-0.8575,-0.8748,-0.5252,0.0000,1.0416,-0.8812,-0.1251,0.0000,-0.8569,-0.8660,-0.8856,-0.0708,-0.4609,0.3342,-0.3283,1.3954,0.9175,-0.4079,-0.8457,0.6259,-0.8315,-0.4624,-0.1071,-0.1183,-0.6815,0.3747,-0.8317,-0.8596,-0.5634,-0.8885,-0.1701,1.6848,-0.8841,-0.4597,0.3411,-0.0379,-0.2571,-0.8036,-0.5159,-0.8715,-0.8445,-0.2350,0.0000,1.3729
17135,Mafk,0.0000,0.7149,0.0000,-0.0540,0.0000,0.0000,0.0000,0.0000,0.0000,0.0000,0.0000,0.0000,0.0000,0.0000,0.0000,0.0000,-0.0069,0.0000,0.0000,0.0000,0.0000,0.0000,0.0000,-0.0655,0.0000,0.0000,0.0000,0.0000,0.0000,0.0000,0.0000,0.0000,0.0000,2.5333,0.0000,0.0000,0.0000,0.0000,0.0000,0.0000,0.0000,0.0000,0.0000,0.0000,0.0000,0.0000,0.0000,0.0000,0.0000,0.0000,0.0000,0.0000,0.0000,0.0000,0.0000,0.0000,0.0000,0.0000,0.0000,0.0000,0.0000,0.0072,0.0000,0.0000,0.0000,0.0000,-0.0642,0.0000,0.0000,0.0000,0.0000,0.0000,0.0000,0.0000,0.0000,0.0000,0.0000,0.0000,0.0000,0.0000,0.0000,0.0000,0.0000,0.0000,0.0000,0.0000,0.0000,0.0000,0.0000,0.0000,1.1688,0.0000,0.0000,0.0000,0.0000,0.0000,0.0000,0.0000,0.0000,0.0000,0.0000,0.0000,2.4007,0.0000,0.0000,0.0000,0.0000,0.0000,0.0000,0.0000,0.0000,0.0000,0.0000,0.0000,0.0000,0.0000,0.0000,0.0000,0.0000,0.0000,0.0000,0.0000,0.0000,0.0000,0.0000,0.0000,0.0000,0.0000,0.0000,0.0000,0.0000,-0.0630,0.0000,0.0000,0.0000,0.0000,0.0000,0.0339,0.0000,0.0000,0.0000,0.0000,0.0000,0.0000,0.0000,0.0000,0.0000,0.0000,0.0000,0.0000,0.0000,0.0000,0.0000,0.0000,0.0000,0.0000,0.0000,0.0000,0.0000,0.0000,0.0000,0.0000,0.0000,0.0000,0.0000,0.0000,0.0000,0.0000,-0.0655,0.0000,0.0000,0.0000,0.0000,0.0000,0.0000,0.0000,0.0000,0.0000,0.0000,0.0000,0.0000,0.0000,0.0000,0.0000,0.0000,0.0000,0.0000,0.0000,0.0000,0.0000,0.0000,0.0000,0.0000,0.0000,0.0000,0.0000,0.0000,0.0000,0.0000,0.0000,0.0000,0.0000
243931,Tshz3,0.0000,-0.5765,0.0000,0.0000,0.0000,0.0000,0.0000,0.0000,0.0000,0.0000,-0.5803,0.0000,0.0000,0.0000,0.0000,0.0000,-0.5821,-0.5821,-0.3110,0.0000,-0.3966,-0.5015,0.0000,0.0000,0.0000,-0.5759,0.0000,0.0000,-0.5821,-0.4394,-0.5499,0.0000,-0.5815,0.0000,0.0000,0.0000,0.0000,0.0000,0.0000,0.0000,-0.4636,-0.1627,-0.1640,1.1798,-0.0436,-0.3594,2.8219,0.9750,0.4508,-0.2211,2.9950,0.7945,0.4006,-0.4450,0.1710,-0.2421,0.4483,0.7554,1.1332,0.2666,-0.3364,1.1878,0.0000,-0.5784,-0.5635,0.0290,0.1834,-0.5734,-0.3972,0.1425,-0.4798,0.0000,-0.3985,1.2896,-0.4252,0.2051,0.4806,-0.2577,0.0000,-0.0430,2.1345,-0.5796,2.8238,0.9031,0.1903,-0.5809,-0.4897,-0.5778,0.8869,0.4595,-0.5759,-0.3278,-0.4338,-0.5803,1.7815,1.1667,0.5650,-0.5654,-0.4587,-0.3513,-0.4543,-0.0691,-0.4320,-0.3830,-0.4766,1.2710,-0.5598,1.2220,-0.4314,-0.5722,-0.2490,0.0000,2.5018,-0.5114,0.9006,1.0278,0.6586,-0.5678,1.1419,1.2052,-0.1553,0.6748,-0.5678,3.1271,0.3385,-0.3185,0.2064,0.3491,-0.1627,-0.3786,0.3789,0.2994,-0.4090,-0.4642,-0.1013,0.2846,6.4530,0.8820,0.3751,-0.3799,1.6494,1.8188,-0.5008,-0.5647,-0.3594,-0.3011,0.6946,-0.4059,1.0960,-0.3693,0.8063,-0.2310,-0.3315,0.9695,1.3851,0.2039,1.9825,-0.0151,-0.4531,-0.4183,0.7591,1.7263,-0.2682,2.2139,0.3311,-0.4915,0.8199,-0.4177,1.8039,0.9887,0.3720,-0.4407,-0.3209,0.8547,-0.5815,0.8665,-0.3786,-0.5306,0.3404,0.5333,0.2076,1.6072,-0.4717,0.7319,0.0000,-0.4717,-0.5803,-0.4884,-0.3619,-0.3389,0.0000,-0.4934,0.7430,-0.3489,2.3827,0.0000,0.1512,1.2294,0.0000,0.1059,0.0000,-0.3160