cell_no,X-micron,Y-micron,T-min,region,geno
2015-12-02-pos2,256.477,181.641,0,soma,dlx
2015-12-02-pos2,256.477,179.461,90,soma,dlx
2015-12-02-pos2,252.117,172.922,180,soma,dlx
2015-12-02-pos2,245.578,167.836,270,soma,dlx
2015-12-02-pos2,245.578,167.836,360,soma,dlx
2015-12-02-pos2,245.578,167.836,450,soma,dlx
2015-12-02-pos2,240.492,167.836,540,soma,dlx
2015-12-02-pos2,219.422,164.203,630,soma,dlx
2015-12-02-pos2,217.969,160.57,720,soma,dlx
2015-12-02-pos2,217.969,160.57,810,soma,dlx
2015-12-02-pos2,215.063,167.11,900,soma,dlx
2015-12-02-pos2,215.063,167.11,990,soma,dlx
2015-12-02-pos2,205.617,167.11,1080,soma,dlx
2015-12-02-pos2,205.617,167.11,1170,soma,dlx
2015-12-02-pos2,204.891,167.11,1260,soma,dlx
2015-12-02-pos2,201.985,168.563,1350,soma,dlx
2015-12-02-pos2,201.258,168.563,1440,soma,dlx
2015-12-02-pos2,193.992,172.195,1530,soma,dlx
2015-12-02-pos2,191.813,170.016,1620,soma,dlx
2015-12-02-pos2,188.18,167.836,1710,soma,dlx
2015-12-02-pos2,188.18,169.289,1800,soma,dlx
2015-12-02-pos2,183.094,170.742,1890,soma,dlx
2015-12-02-pos2,183.094,170.742,1980,soma,dlx
2015-12-02-pos2,183.094,170.742,2070,soma,dlx
2015-12-02-pos2,180.914,170.742,2160,soma,dlx
2015-12-02-pos2,180.188,170.742,2250,soma,dlx
2015-12-02-pos2,181.641,173.649,2340,soma,dlx
2015-12-02-pos2,177.281,170.016,2430,soma,dlx
2015-12-02-pos2,178.008,169.289,2520,soma,dlx
2015-12-02-pos2,175.102,168.563,2610,soma,dlx
2015-12-02-pos2,177.281,170.742,2700,soma,dlx
2015-12-02-pos2,172.922,172.922,2790,soma,dlx
2015-12-02-pos2,172.922,175.828,2880,soma,dlx
2015-12-02-pos2,279.727,189.633,0,N-tip,dlx
2015-12-02-pos2,285.539,193.266,90,N-tip,dlx
2015-12-02-pos2,288.446,193.992,180,N-tip,dlx
2015-12-02-pos2,291.352,193.266,270,N-tip,dlx
2015-12-02-pos2,292.078,193.266,360,N-tip,dlx
2015-12-02-pos2,292.078,193.266,450,N-tip,dlx
2015-12-02-pos2,294.985,197.625,540,N-tip,dlx
2015-12-02-pos2,294.985,196.899,630,N-tip,dlx
2015-12-02-pos2,293.531,199.805,720,N-tip,dlx
2015-12-02-pos2,289.172,196.899,810,N-tip,dlx
2015-12-02-pos2,289.172,196.172,900,N-tip,dlx
2015-12-02-pos2,286.992,196.172,990,N-tip,dlx
2015-12-02-pos2,286.992,196.899,1080,N-tip,dlx
2015-12-02-pos2,285.539,199.078,1170,N-tip,dlx
2015-12-02-pos2,283.36,196.899,1260,N-tip,dlx
2015-12-02-pos2,284.813,199.078,1350,N-tip,dlx
2015-12-02-pos2,277.547,197.625,1440,N-tip,dlx
2015-12-02-pos2,280.453,198.352,1530,N-tip,dlx
2015-12-02-pos2,279.727,198.352,1620,N-tip,dlx
2015-12-02-pos2,276.821,196.899,1710,N-tip,dlx
2015-12-02-pos2,277.547,196.899,1800,N-tip,dlx
2015-12-02-pos2,275.367,197.625,1890,N-tip,dlx
2015-12-02-pos2,276.821,199.078,1980,N-tip,dlx
2015-12-02-pos2,273.914,198.352,2070,N-tip,dlx
2015-12-02-pos2,275.367,197.625,2160,N-tip,dlx
2015-12-02-pos2,277.547,197.625,2250,N-tip,dlx
2015-12-02-pos2,275.367,196.172,2340,N-tip,dlx
2015-12-02-pos2,274.641,196.172,2430,N-tip,dlx
2015-12-02-pos2,276.094,196.172,2520,N-tip,dlx
2015-12-02-pos2,274.641,194.719,2610,N-tip,dlx
2015-12-02-pos2,273.914,195.445,2700,N-tip,dlx
2015-12-02-pos2,307.336,195.445,2790,N-tip,dlx
2015-12-02-pos2,318.235,193.266,2880,N-tip,dlx
2016-03-22-pos2_c1,97.359,144.223,0,soma,nkx
2016-03-22-pos2_c1,86.461,137.32,90,soma,nkx
2016-03-22-pos2_c1,81.375,135.504,180,soma,nkx
2016-03-22-pos2_c1,72.293,98.813,270,soma,nkx
2016-03-22-pos2_c1,71.203,88.641,360,soma,nkx
2016-03-22-pos2_c1,72.293,85.371,450,soma,nkx
2016-03-22-pos2_c1,64.664,86.461,540,soma,nkx
2016-03-22-pos2_c1,69.387,89.731,630,soma,nkx
2016-03-22-pos2_c1,75.199,99.176,720,soma,nkx
2016-03-22-pos2_c1,77.016,102.809,810,soma,nkx
2016-03-22-pos2_c1,92.274,122.063,900,soma,nkx
2016-03-22-pos2_c1,98.449,135.504,990,soma,nkx
2016-03-22-pos2_c1,100.266,145.313,1080,soma,nkx
2016-03-22-pos2_c1,104.262,149.672,1170,soma,nkx
2016-03-22-pos2_c1,114.434,166.383,1260,soma,nkx
2016-03-22-pos2_c1,115.524,166.746,1350,soma,nkx
2016-03-22-pos2_c1,128.965,178.735,1440,soma,nkx
2016-03-22-pos2_c1,132.961,183.82,1530,soma,nkx
2016-03-22-pos2_c1,149.672,199.805,1620,soma,nkx
2016-03-22-pos2_c1,160.207,210.34,1710,soma,nkx
2016-03-22-pos2_c1,157.301,208.16,1800,soma,nkx
2016-03-22-pos2_c1,155.848,204.891,1890,soma,nkx
2016-03-22-pos2_c1,157.301,206.707,1980,soma,nkx
2016-03-22-pos2_c1,159.481,206.707,2070,soma,nkx
2016-03-22-pos2_c1,67.57,120.609,0,N-tip,nkx
2016-03-22-pos2_c1,67.207,116.977,90,N-tip,nkx
2016-03-22-pos2_c1,78.106,82.102,180,N-tip,nkx
2016-03-22-pos2_c1,62.848,71.93,270,N-tip,nkx
2016-03-22-pos2_c1,95.18,55.219,360,N-tip,nkx
2016-03-22-pos2_c1,107.168,35.602,450,N-tip,nkx
2016-03-22-pos2_c1,87.914,66.481,540,N-tip,nkx
2016-03-22-pos2_c1,76.652,77.016,630,N-tip,nkx
2016-03-22-pos2_c1,70.84,87.551,720,N-tip,nkx
2016-03-22-pos2_c1,55.945,106.805,810,N-tip,nkx
2016-03-22-pos2_c1,86.098,109.711,900,N-tip,nkx
2016-03-22-pos2_c1,90.82,121.699,990,N-tip,nkx
2016-03-22-pos2_c1,96.633,129.328,1080,N-tip,nkx
2016-03-22-pos2_c1,98.813,136.231,1170,N-tip,nkx
2016-03-22-pos2_c1,104.625,150.035,1260,N-tip,nkx
2016-03-22-pos2_c1,105.352,151.488,1350,N-tip,nkx
2016-03-22-pos2_c1,107.168,160.57,1440,N-tip,nkx
2016-03-22-pos2_c1,122.063,174.738,1530,N-tip,nkx
2016-03-22-pos2_c1,132.961,182.367,1620,N-tip,nkx
2016-03-22-pos2_c1,134.051,183.82,1710,N-tip,nkx
2016-03-22-pos2_c1,108.621,166.383,1800,N-tip,nkx
2016-03-22-pos2_c1,102.082,159.844,1890,N-tip,nkx
2016-03-22-pos2_c1,113.707,170.016,1980,N-tip,nkx
2016-03-22-pos2_c1,134.414,188.18,2070,N-tip,nkx
2016-03-22-pos2_c2,222.692,44.684,0,soma,nkx
2016-03-22-pos2_c2,223.781,74.109,90,soma,nkx
2016-03-22-pos2_c2,231.047,105.715,180,soma,nkx
2016-03-22-pos2_c2,232.5,122.426,270,soma,nkx
2016-03-22-pos2_c2,227.778,148.945,360,soma,nkx
2016-03-22-pos2_c2,233.953,162.387,450,soma,nkx
2016-03-22-pos2_c2,235.043,163.113,540,soma,nkx
2016-03-22-pos2_c2,233.953,162.024,630,soma,nkx
2016-03-22-pos2_c2,233.59,160.57,720,soma,nkx
2016-03-22-pos2_c2,230.684,152.578,810,soma,nkx
2016-03-22-pos2_c2,230.32,154.031,900,soma,nkx
2016-03-22-pos2_c2,229.957,152.215,990,soma,nkx
2016-03-22-pos2_c2,219.059,138.41,1080,soma,nkx
2016-03-22-pos2_c2,201.621,116.25,1170,soma,nkx
2016-03-22-pos2_c2,197.625,114.797,1260,soma,nkx
2016-03-22-pos2_c2,189.996,107.895,1350,soma,nkx
2016-03-22-pos2_c2,188.18,106.805,1440,soma,nkx
2016-03-22-pos2_c2,192.176,111.164,1530,soma,nkx
2016-03-22-pos2_c2,191.449,110.438,1620,soma,nkx
2016-03-22-pos2_c2,187.09,108.984,1710,soma,nkx
2016-03-22-pos2_c2,188.906,111.891,1800,soma,nkx
2016-03-22-pos2_c2,190.36,112.254,1890,soma,nkx
2016-03-22-pos2_c2,192.539,113.344,1980,soma,nkx
2016-03-22-pos2_c2,201.621,124.242,2070,soma,nkx
2016-03-22-pos2_c2,215.426,138.047,2160,soma,nkx
2016-03-22-pos2_c2,230.684,154.031,2250,soma,nkx
2016-03-22-pos2_c2,233.59,160.57,2340,soma,nkx
2016-03-22-pos2_c2,237.949,164.567,2430,soma,nkx
2016-03-22-pos2_c2,240.856,167.11,2520,soma,nkx
2016-03-22-pos2_c2,252.844,179.824,2610,soma,nkx
2016-03-22-pos2_c2,256.113,183.82,2700,soma,nkx
2016-03-22-pos2_c2,262.289,191.449,2790,soma,nkx
2016-03-22-pos2_c2,267.375,199.078,2880,soma,nkx
2016-03-22-pos2_c2,269.555,200.531,2970,soma,nkx
2016-03-22-pos2_c2,270.281,200.531,3060,soma,nkx
2016-03-22-pos2_c2,272.098,203.074,3150,soma,nkx
2016-03-22-pos2_c2,273.914,203.801,3240,soma,nkx
2016-03-22-pos2_c2,214.336,39.961,0,N-tip,nkx
2016-03-22-pos2_c2,224.871,39.234,90,N-tip,nkx
2016-03-22-pos2_c2,228.504,91.547,180,N-tip,nkx
2016-03-22-pos2_c2,230.684,111.164,270,N-tip,nkx
2016-03-22-pos2_c2,231.047,132.961,360,N-tip,nkx
2016-03-22-pos2_c2,220.512,133.688,450,N-tip,nkx
2016-03-22-pos2_c2,212.52,127.512,540,N-tip,nkx
2016-03-22-pos2_c2,209.613,122.063,630,N-tip,nkx
2016-03-22-pos2_c2,208.16,122.789,720,N-tip,nkx
2016-03-22-pos2_c2,207.797,115.16,810,N-tip,nkx
2016-03-22-pos2_c2,208.16,117.34,900,N-tip,nkx
2016-03-22-pos2_c2,209.25,122.063,990,N-tip,nkx
2016-03-22-pos2_c2,175.465,85.008,1080,N-tip,nkx
2016-03-22-pos2_c2,168.926,79.922,1170,N-tip,nkx
2016-03-22-pos2_c2,156.938,60.668,1260,N-tip,nkx
2016-03-22-pos2_c2,161.297,63.211,1350,N-tip,nkx
2016-03-22-pos2_c2,163.84,78.106,1440,N-tip,nkx
2016-03-22-pos2_c2,172.559,82.828,1530,N-tip,nkx
2016-03-22-pos2_c2,167.11,79.559,1620,N-tip,nkx
2016-03-22-pos2_c2,166.746,79.559,1710,N-tip,nkx
2016-03-22-pos2_c2,174.012,88.641,1800,N-tip,nkx
2016-03-22-pos2_c2,177.645,93.363,1890,N-tip,nkx
2016-03-22-pos2_c2,181.641,98.086,1980,N-tip,nkx
2016-03-22-pos2_c2,194.719,113.344,2070,N-tip,nkx
2016-03-22-pos2_c2,196.899,117.703,2160,N-tip,nkx
2016-03-22-pos2_c2,208.16,127.512,2250,N-tip,nkx
2016-03-22-pos2_c2,215.426,135.867,2340,N-tip,nkx
2016-03-22-pos2_c2,224.145,146.402,2430,N-tip,nkx
2016-03-22-pos2_c2,225.598,146.766,2520,N-tip,nkx
2016-03-22-pos2_c2,233.953,154.758,2610,N-tip,nkx
2016-03-22-pos2_c2,239.403,163.84,2700,N-tip,nkx
2016-03-22-pos2_c2,247.758,172.195,2790,N-tip,nkx
2016-03-22-pos2_c2,250.664,175.828,2880,N-tip,nkx
2016-03-22-pos2_c2,257.203,184.547,2970,N-tip,nkx
2016-03-22-pos2_c2,246.305,181.277,3060,N-tip,nkx
2016-03-22-pos2_c2,262.289,175.102,3150,N-tip,nkx
2016-03-22-pos2_c2,262.289,174.375,3240,N-tip,nkx
2016-03-22-pos2_c3,13.805,215.063,0,soma,nkx
2016-03-22-pos2_c3,20.344,215.789,90,soma,nkx
2016-03-22-pos2_c3,21.07,215.426,180,soma,nkx
2016-03-22-pos2_c3,21.434,214.699,270,soma,nkx
2016-03-22-pos2_c3,8.355,216.153,360,soma,nkx
2016-03-22-pos2_c3,34.512,216.516,450,soma,nkx
2016-03-22-pos2_c3,40.688,215.789,540,soma,nkx
2016-03-22-pos2_c3,50.133,218.695,630,soma,nkx
2016-03-22-pos2_c3,51.586,221.602,720,soma,nkx
2016-03-22-pos2_c3,50.133,218.332,810,soma,nkx
2016-03-22-pos2_c3,50.859,221.238,900,soma,nkx
2016-03-22-pos2_c3,50.496,221.602,990,soma,nkx
2016-03-22-pos2_c3,62.484,223.418,1080,soma,nkx
2016-03-22-pos2_c3,63.938,225.961,1170,soma,nkx
2016-03-22-pos2_c3,64.664,225.598,1260,soma,nkx
2016-03-22-pos2_c3,66.844,225.235,1350,soma,nkx
2016-03-22-pos2_c3,63.574,224.871,1440,soma,nkx
2016-03-22-pos2_c3,71.566,226.324,1530,soma,nkx
2016-03-22-pos2_c3,72.656,227.414,1620,soma,nkx
2016-03-22-pos2_c3,78.106,221.602,1710,soma,nkx
2016-03-22-pos2_c3,80.649,223.418,1800,soma,nkx
2016-03-22-pos2_c3,81.375,224.145,1890,soma,nkx
2016-03-22-pos2_c3,101.719,223.781,1980,soma,nkx
2016-03-22-pos2_c3,106.441,226.324,2070,soma,nkx
2016-03-22-pos2_c3,106.078,226.688,2160,soma,nkx
2016-03-22-pos2_c3,105.352,227.051,2250,soma,nkx
2016-03-22-pos2_c3,105.715,227.778,2340,soma,nkx
2016-03-22-pos2_c3,105.352,229.231,2430,soma,nkx
2016-03-22-pos2_c3,104.988,228.504,2520,soma,nkx
2016-03-22-pos2_c3,107.531,232.137,2610,soma,nkx
2016-03-22-pos2_c3,107.168,235.043,2700,soma,nkx
2016-03-22-pos2_c3,116.613,237.949,2790,soma,nkx
2016-03-22-pos2_c3,128.965,241.219,2880,soma,nkx
2016-03-22-pos2_c3,135.867,243.035,2970,soma,nkx
2016-03-22-pos2_c3,140.59,244.852,3060,soma,nkx
2016-03-22-pos2_c3,147.856,247.395,3150,soma,nkx
2016-03-22-pos2_c3,150.399,248.121,3240,soma,nkx
2016-03-22-pos2_c3,1.09,216.516,0,N-tip,nkx
2016-03-22-pos2_c3,6.176,251.028,90,N-tip,nkx
2016-03-22-pos2_c3,4.723,209.25,180,N-tip,nkx
2016-03-22-pos2_c3,2.18,211.067,270,N-tip,nkx
2016-03-22-pos2_c3,1.09,215.063,360,N-tip,nkx
2016-03-22-pos2_c3,7.992,215.789,450,N-tip,nkx
2016-03-22-pos2_c3,3.27,217.606,540,N-tip,nkx
2016-03-22-pos2_c3,9.082,216.153,630,N-tip,nkx
2016-03-22-pos2_c3,19.617,216.879,720,N-tip,nkx
2016-03-22-pos2_c3,19.254,219.422,810,N-tip,nkx
2016-03-22-pos2_c3,15.984,217.606,900,N-tip,nkx
2016-03-22-pos2_c3,16.348,218.695,990,N-tip,nkx
2016-03-22-pos2_c3,17.438,219.422,1080,N-tip,nkx
2016-03-22-pos2_c3,19.617,219.422,1170,N-tip,nkx
2016-03-22-pos2_c3,19.254,220.875,1260,N-tip,nkx
2016-03-22-pos2_c3,17.074,222.328,1350,N-tip,nkx
2016-03-22-pos2_c3,19.254,221.602,1440,N-tip,nkx
2016-03-22-pos2_c3,18.164,220.149,1530,N-tip,nkx
2016-03-22-pos2_c3,17.074,219.059,1620,N-tip,nkx
2016-03-22-pos2_c3,17.801,221.602,1710,N-tip,nkx
2016-03-22-pos2_c3,17.801,221.602,1800,N-tip,nkx
2016-03-22-pos2_c3,15.984,220.875,1890,N-tip,nkx
2016-03-22-pos2_c3,21.07,217.606,1980,N-tip,nkx
2016-03-22-pos2_c3,35.965,216.153,2070,N-tip,nkx
2016-03-22-pos2_c3,75.199,226.688,2160,N-tip,nkx
2016-03-22-pos2_c3,70.477,227.051,2250,N-tip,nkx
2016-03-22-pos2_c3,74.109,228.867,2340,N-tip,nkx
2016-03-22-pos2_c3,79.195,224.508,2430,N-tip,nkx
2016-03-22-pos2_c3,76.652,225.961,2520,N-tip,nkx
2016-03-22-pos2_c3,91.184,224.145,2610,N-tip,nkx
2016-03-22-pos2_c3,99.539,228.867,2700,N-tip,nkx
2016-03-22-pos2_c3,96.633,222.328,2790,N-tip,nkx
2016-03-22-pos2_c3,111.164,234.317,2880,N-tip,nkx
2016-03-22-pos2_c3,112.254,235.406,2970,N-tip,nkx
2016-03-22-pos2_c3,122.789,239.766,3060,N-tip,nkx
2016-03-22-pos2_c3,118.066,231.047,3150,N-tip,nkx
2016-03-22-pos2_c3,132.234,240.129,3240,N-tip,nkx
2016-03-22-pos2_c4,155.121,117.703,0,soma,nkx
2016-03-22-pos2_c4,140.59,109.348,90,soma,nkx
2016-03-22-pos2_c4,139.137,112.254,180,soma,nkx
2016-03-22-pos2_c4,144.949,113.707,270,soma,nkx
2016-03-22-pos2_c4,148.219,118.43,360,soma,nkx
2016-03-22-pos2_c4,144.223,114.07,450,soma,nkx
2016-03-22-pos2_c4,160.57,124.969,540,soma,nkx
2016-03-22-pos2_c4,168.199,129.328,630,soma,nkx
2016-03-22-pos2_c4,181.277,141.68,720,soma,nkx
2016-03-22-pos2_c4,180.551,142.77,810,soma,nkx
2016-03-22-pos2_c4,180.188,144.949,900,soma,nkx
2016-03-22-pos2_c4,180.914,147.856,990,soma,nkx
2016-03-22-pos2_c4,187.09,152.215,1080,soma,nkx
2016-03-22-pos2_c4,186.727,151.125,1170,soma,nkx
2016-03-22-pos2_c4,186.363,150.762,1260,soma,nkx
2016-03-22-pos2_c4,189.633,155.484,1350,soma,nkx
2016-03-22-pos2_c4,191.086,154.758,1440,soma,nkx
2016-03-22-pos2_c4,197.988,160.207,1530,soma,nkx
2016-03-22-pos2_c4,196.899,160.934,1620,soma,nkx
2016-03-22-pos2_c4,200.168,164.567,1710,soma,nkx
2016-03-22-pos2_c4,200.895,167.473,1800,soma,nkx
2016-03-22-pos2_c4,200.531,166.383,1890,soma,nkx
2016-03-22-pos2_c4,210.703,176.555,1980,soma,nkx
2016-03-22-pos2_c4,219.059,183.82,2070,soma,nkx
2016-03-22-pos2_c4,234.317,195.445,2160,soma,nkx
2016-03-22-pos2_c4,240.856,200.895,2250,soma,nkx
2016-03-22-pos2_c4,244.125,203.801,2340,soma,nkx
2016-03-22-pos2_c4,245.942,208.887,2430,soma,nkx
2016-03-22-pos2_c4,245.578,207.434,2520,soma,nkx
2016-03-22-pos2_c4,261.926,224.871,2610,soma,nkx
2016-03-22-pos2_c4,262.289,228.867,2700,soma,nkx
2016-03-22-pos2_c4,265.559,228.504,2790,soma,nkx
2016-03-22-pos2_c4,269.192,228.141,2880,soma,nkx
2016-03-22-pos2_c4,269.192,231.047,2970,soma,nkx
2016-03-22-pos2_c4,269.555,228.504,3060,soma,nkx
2016-03-22-pos2_c4,269.555,228.867,3150,soma,nkx
2016-03-22-pos2_c4,272.098,229.957,3240,soma,nkx
2016-03-22-pos2_c4,93.727,85.371,0,N-tip,nkx
2016-03-22-pos2_c4,91.547,86.824,90,N-tip,nkx
2016-03-22-pos2_c4,116.25,87.914,180,N-tip,nkx
2016-03-22-pos2_c4,120.609,90.457,270,N-tip,nkx
2016-03-22-pos2_c4,134.051,101.719,360,N-tip,nkx
2016-03-22-pos2_c4,135.504,107.895,450,N-tip,nkx
2016-03-22-pos2_c4,155.121,121.336,540,N-tip,nkx
2016-03-22-pos2_c4,159.481,126.059,630,N-tip,nkx
2016-03-22-pos2_c4,163.477,127.512,720,N-tip,nkx
2016-03-22-pos2_c4,162.024,126.422,810,N-tip,nkx
2016-03-22-pos2_c4,145.676,105.715,900,N-tip,nkx
2016-03-22-pos2_c4,160.57,123.879,990,N-tip,nkx
2016-03-22-pos2_c4,149.309,108.258,1080,N-tip,nkx
2016-03-22-pos2_c4,149.672,109.348,1170,N-tip,nkx
2016-03-22-pos2_c4,160.207,125.332,1260,N-tip,nkx
2016-03-22-pos2_c4,157.664,128.238,1350,N-tip,nkx
2016-03-22-pos2_c4,159.117,128.965,1440,N-tip,nkx
2016-03-22-pos2_c4,159.117,131.871,1530,N-tip,nkx
2016-03-22-pos2_c4,147.856,127.149,1620,N-tip,nkx
2016-03-22-pos2_c4,134.414,116.977,1710,N-tip,nkx
2016-03-22-pos2_c4,136.594,115.524,1800,N-tip,nkx
2016-03-22-pos2_c4,138.047,114.434,1890,N-tip,nkx
2016-03-22-pos2_c4,179.461,146.766,1980,N-tip,nkx
2016-03-22-pos2_c4,200.531,163.84,2070,N-tip,nkx
2016-03-22-pos2_c4,205.254,170.016,2160,N-tip,nkx
2016-03-22-pos2_c4,217.606,180.551,2250,N-tip,nkx
2016-03-22-pos2_c4,225.961,184.547,2340,N-tip,nkx
2016-03-22-pos2_c4,229.231,196.172,2430,N-tip,nkx
2016-03-22-pos2_c4,230.32,194.719,2520,N-tip,nkx
2016-03-22-pos2_c4,229.594,196.535,2610,N-tip,nkx
2016-03-22-pos2_c4,229.231,196.172,2700,N-tip,nkx
2016-03-22-pos2_c4,231.41,197.625,2790,N-tip,nkx
2016-03-22-pos2_c4,232.5,196.899,2880,N-tip,nkx
2016-03-22-pos2_c4,236.496,203.074,2970,N-tip,nkx
2016-03-22-pos2_c4,236.496,204.164,3060,N-tip,nkx
2016-03-22-pos2_c4,252.844,217.969,3150,N-tip,nkx
2016-03-22-pos2_c4,247.031,217.242,3240,N-tip,nkx
2015-12-02-pos4,239.766,87.188,0,soma,dlx
2015-12-02-pos4,239.766,90.094,90,soma,dlx
2015-12-02-pos4,238.313,95.18,180,soma,dlx
2015-12-02-pos4,239.039,89.367,270,soma,dlx
2015-12-02-pos4,239.039,88.641,360,soma,dlx
2015-12-02-pos4,233.953,93.727,450,soma,dlx
2015-12-02-pos4,235.406,111.891,540,soma,dlx
2015-12-02-pos4,234.68,115.524,630,soma,dlx
2015-12-02-pos4,238.313,119.156,720,soma,dlx
2015-12-02-pos4,238.313,119.156,810,soma,dlx
2015-12-02-pos4,236.86,122.789,900,soma,dlx
2015-12-02-pos4,236.86,122.789,990,soma,dlx
2015-12-02-pos4,236.86,122.789,1080,soma,dlx
2015-12-02-pos4,236.86,122.789,1170,soma,dlx
2015-12-02-pos4,233.953,130.055,1260,soma,dlx
2015-12-02-pos4,232.5,132.234,1350,soma,dlx
2015-12-02-pos4,232.5,132.234,1440,soma,dlx
2015-12-02-pos4,230.32,135.141,1530,soma,dlx
2015-12-02-pos4,231.047,137.32,1620,soma,dlx
2015-12-02-pos4,231.047,133.688,1710,soma,dlx
2015-12-02-pos4,225.961,135.867,1800,soma,dlx
2015-12-02-pos4,228.141,133.688,1890,soma,dlx
2015-12-02-pos4,228.141,134.414,1980,soma,dlx
2015-12-02-pos4,226.688,136.594,2070,soma,dlx
2015-12-02-pos4,226.688,136.594,2160,soma,dlx
2015-12-02-pos4,225.235,136.594,2250,soma,dlx
2015-12-02-pos4,225.235,136.594,2340,soma,dlx
2015-12-02-pos4,225.235,136.594,2430,soma,dlx
2015-12-02-pos4,225.235,136.594,2520,soma,dlx
2015-12-02-pos4,225.235,136.594,2610,soma,dlx
2015-12-02-pos4,219.422,141.68,2700,soma,dlx
2015-12-02-pos4,216.516,140.953,2790,soma,dlx
2015-12-02-pos4,216.516,140.953,2880,soma,dlx
2015-12-02-pos4,215.063,141.68,2970,soma,dlx
2015-12-02-pos4,215.063,142.406,3060,soma,dlx
2015-12-02-pos4,214.336,143.133,3150,soma,dlx
2015-12-02-pos4,212.883,144.586,3240,soma,dlx
2015-12-02-pos4,212.883,144.586,3330,soma,dlx
2015-12-02-pos4,210.703,148.219,3420,soma,dlx
2015-12-02-pos4,208.524,148.219,3510,soma,dlx
2015-12-02-pos4,208.524,148.945,3600,soma,dlx
2015-12-02-pos4,210.703,55.219,0,N-tip,dlx
2015-12-02-pos4,250.664,77.016,90,N-tip,dlx
2015-12-02-pos4,262.289,66.844,180,N-tip,dlx
2015-12-02-pos4,262.289,64.664,270,N-tip,dlx
2015-12-02-pos4,264.469,61.758,360,N-tip,dlx
2015-12-02-pos4,247.758,79.922,450,N-tip,dlx
2015-12-02-pos4,273.188,95.18,540,N-tip,dlx
2015-12-02-pos4,286.992,36.328,630,N-tip,dlx
2015-12-02-pos4,279.727,30.516,720,N-tip,dlx
2015-12-02-pos4,251.391,6.539,810,N-tip,dlx
2015-12-02-pos4,247.031,7.992,900,N-tip,dlx
2015-12-02-pos4,246.305,10.172,990,N-tip,dlx
2015-12-02-pos4,256.477,14.531,1080,N-tip,dlx
2015-12-02-pos4,263.742,18.164,1170,N-tip,dlx
2015-12-02-pos4,260.836,15.258,1260,N-tip,dlx
2015-12-02-pos4,261.563,18.891,1350,N-tip,dlx
2015-12-02-pos4,244.125,9.445,1440,N-tip,dlx
2015-12-02-pos4,236.133,5.813,1530,N-tip,dlx
2015-12-02-pos4,236.133,5.813,1620,N-tip,dlx
2015-12-02-pos4,235.406,5.813,1710,N-tip,dlx
2015-12-02-pos4,175.828,21.797,1800,N-tip,dlx
2015-12-02-pos4,191.813,10.172,1890,N-tip,dlx
2015-12-02-pos4,228.867,2.18,1980,N-tip,dlx
2015-12-02-pos4,236.86,7.266,2070,N-tip,dlx
2015-12-02-pos4,229.594,1.453,2160,N-tip,dlx
2015-12-02-pos4,284.086,34.875,2250,N-tip,dlx
2015-12-02-pos4,285.539,38.508,2340,N-tip,dlx
2015-12-02-pos4,284.813,36.328,2430,N-tip,dlx
2015-12-02-pos4,281.906,36.328,2520,N-tip,dlx
2015-12-02-pos4,282.633,39.961,2610,N-tip,dlx
2015-12-02-pos4,281.906,45.047,2700,N-tip,dlx
2015-12-02-pos4,279,49.406,2790,N-tip,dlx
2015-12-02-pos4,278.274,46.5,2880,N-tip,dlx
2015-12-02-pos4,268.828,94.453,2970,N-tip,dlx
2015-12-02-pos4,266.649,98.086,3060,N-tip,dlx
2015-12-02-pos4,265.196,98.813,3150,N-tip,dlx
2015-12-02-pos4,264.469,98.813,3240,N-tip,dlx
2015-12-02-pos4,264.469,98.813,3330,N-tip,dlx
2015-12-02-pos4,260.11,98.813,3420,N-tip,dlx
2015-12-02-pos4,253.571,90.094,3510,N-tip,dlx
2015-12-02-pos4,249.938,89.367,3600,N-tip,dlx
2015-12-02-pos7,252.844,320.414,0,soma,dlx
2015-12-02-pos7,253.571,323.321,90,soma,dlx
2015-12-02-pos7,268.828,306.61,180,soma,dlx
2015-12-02-pos7,273.914,290.625,270,soma,dlx
2015-12-02-pos7,272.461,277.547,360,soma,dlx
2015-12-02-pos7,272.461,276.094,450,soma,dlx
2015-12-02-pos7,278.274,272.461,540,soma,dlx
2015-12-02-pos7,279,271.008,630,soma,dlx
2015-12-02-pos7,292.078,261.563,720,soma,dlx
2015-12-02-pos7,293.531,255.75,810,soma,dlx
2015-12-02-pos7,293.531,255.75,900,soma,dlx
2015-12-02-pos7,293.531,255.75,990,soma,dlx
2015-12-02-pos7,293.531,255.75,1080,soma,dlx
2015-12-02-pos7,293.531,255.75,1170,soma,dlx
2015-12-02-pos7,293.531,255.75,1260,soma,dlx
2015-12-02-pos7,293.531,255.75,1350,soma,dlx
2015-12-02-pos7,279.727,261.563,1440,soma,dlx
2015-12-02-pos7,267.375,258.656,1530,soma,dlx
2015-12-02-pos7,264.469,257.203,1620,soma,dlx
2015-12-02-pos7,249.938,250.664,1710,soma,dlx
2015-12-02-pos7,236.133,245.578,1800,soma,dlx
2015-12-02-pos7,217.242,229.594,1890,soma,dlx
2015-12-02-pos7,193.266,214.336,1980,soma,dlx
2015-12-02-pos7,191.813,214.336,2070,soma,dlx
2015-12-02-pos7,186.727,210.703,2160,soma,dlx
2015-12-02-pos7,179.461,207.07,2250,soma,dlx
2015-12-02-pos7,172.195,203.438,2340,soma,dlx
2015-12-02-pos7,172.922,203.438,2430,soma,dlx
2015-12-02-pos7,172.922,203.438,2520,soma,dlx
2015-12-02-pos7,164.93,198.352,2610,soma,dlx
2015-12-02-pos7,151.125,189.633,2700,soma,dlx
2015-12-02-pos7,147.492,189.633,2790,soma,dlx
2015-12-02-pos7,142.406,183.82,2880,soma,dlx
2015-12-02-pos7,141.68,180.914,2970,soma,dlx
2015-12-02-pos7,139.5,181.641,3060,soma,dlx
2015-12-02-pos7,136.594,181.641,3150,soma,dlx
2015-12-02-pos7,136.594,181.641,3240,soma,dlx
2015-12-02-pos7,137.32,182.367,3330,soma,dlx
2015-12-02-pos7,138.774,184.547,3420,soma,dlx
2015-12-02-pos7,138.774,184.547,3510,soma,dlx
2015-12-02-pos7,138.774,184.547,3600,soma,dlx
2015-12-02-pos7,138.047,184.547,3690,soma,dlx
2015-12-02-pos7,135.141,180.914,3780,soma,dlx
2015-12-02-pos7,278.274,307.336,0,N-tip,dlx
2015-12-02-pos7,279.727,326.953,90,N-tip,dlx
2015-12-02-pos7,274.641,321.867,180,N-tip,dlx
2015-12-02-pos7,290.625,291.352,270,N-tip,dlx
2015-12-02-pos7,275.367,297.891,360,N-tip,dlx
2015-12-02-pos7,274.641,300.071,450,N-tip,dlx
2015-12-02-pos7,281.18,291.352,540,N-tip,dlx
2015-12-02-pos7,280.453,284.813,630,N-tip,dlx
2015-12-02-pos7,281.18,291.352,720,N-tip,dlx
2015-12-02-pos7,281.906,275.367,810,N-tip,dlx
2015-12-02-pos7,284.086,271.008,900,N-tip,dlx
2015-12-02-pos7,307.336,283.36,990,N-tip,dlx
2015-12-02-pos7,302.25,281.906,1080,N-tip,dlx
2015-12-02-pos7,309.516,292.805,1170,N-tip,dlx
2015-12-02-pos7,293.531,275.367,1260,N-tip,dlx
2015-12-02-pos7,291.352,268.828,1350,N-tip,dlx
2015-12-02-pos7,292.805,254.297,1440,N-tip,dlx
2015-12-02-pos7,289.172,254.297,1530,N-tip,dlx
2015-12-02-pos7,289.899,254.297,1620,N-tip,dlx
2015-12-02-pos7,289.899,254.297,1710,N-tip,dlx
2015-12-02-pos7,290.625,255.024,1800,N-tip,dlx
2015-12-02-pos7,290.625,255.024,1890,N-tip,dlx
2015-12-02-pos7,290.625,255.024,1980,N-tip,dlx
2015-12-02-pos7,290.625,255.024,2070,N-tip,dlx
2015-12-02-pos7,293.531,257.93,2160,N-tip,dlx
2015-12-02-pos7,293.531,257.93,2250,N-tip,dlx
2015-12-02-pos7,293.531,257.93,2340,N-tip,dlx
2015-12-02-pos7,293.531,257.93,2430,N-tip,dlx
2015-12-02-pos7,293.531,257.93,2520,N-tip,dlx
2015-12-02-pos7,293.531,261.563,2610,N-tip,dlx
2015-12-02-pos7,293.531,264.469,2700,N-tip,dlx
2015-12-02-pos7,293.531,264.469,2790,N-tip,dlx
2015-12-02-pos7,293.531,264.469,2880,N-tip,dlx
2015-12-02-pos7,292.078,264.469,2970,N-tip,dlx
2015-12-02-pos7,292.078,264.469,3060,N-tip,dlx
2015-12-02-pos7,292.805,264.469,3150,N-tip,dlx
2015-12-02-pos7,292.805,263.016,3240,N-tip,dlx
2015-12-02-pos7,292.078,263.016,3330,N-tip,dlx
2015-12-02-pos7,292.805,264.469,3420,N-tip,dlx
2015-12-02-pos7,292.805,263.742,3510,N-tip,dlx
2015-12-02-pos7,292.078,263.742,3600,N-tip,dlx
2015-12-02-pos7,292.078,263.742,3690,N-tip,dlx
2015-12-02-pos7,288.446,260.11,3780,N-tip,dlx
2015-12-02-pos9,276.821,236.86,0,soma,dlx
2015-12-02-pos9,276.821,236.86,360,soma,dlx
2015-12-02-pos9,275.367,233.227,450,soma,dlx
2015-12-02-pos9,273.914,223.781,540,soma,dlx
2015-12-02-pos9,273.914,220.875,630,soma,dlx
2015-12-02-pos9,275.367,220.875,720,soma,dlx
2015-12-02-pos9,273.188,213.61,810,soma,dlx
2015-12-02-pos9,273.188,213.61,900,soma,dlx
2015-12-02-pos9,274.641,216.516,990,soma,dlx
2015-12-02-pos9,273.914,212.156,1080,soma,dlx
2015-12-02-pos9,273.914,214.336,1170,soma,dlx
2015-12-02-pos9,273.914,214.336,1260,soma,dlx
2015-12-02-pos9,273.188,208.524,1350,soma,dlx
2015-12-02-pos9,270.281,206.344,1440,soma,dlx
2015-12-02-pos9,270.281,200.531,1530,soma,dlx
2015-12-02-pos9,267.375,193.266,1620,soma,dlx
2015-12-02-pos9,265.196,189.633,1710,soma,dlx
2015-12-02-pos9,267.375,191.086,1800,soma,dlx
2015-12-02-pos9,267.375,188.906,1890,soma,dlx
2015-12-02-pos9,267.375,188.906,1980,soma,dlx
2015-12-02-pos9,266.649,191.813,2070,soma,dlx
2015-12-02-pos9,268.102,192.539,2160,soma,dlx
2015-12-02-pos9,268.828,189.633,2250,soma,dlx
2015-12-02-pos9,270.281,191.813,2340,soma,dlx
2015-12-02-pos9,273.188,193.266,2430,soma,dlx
2015-12-02-pos9,273.188,192.539,2520,soma,dlx
2015-12-02-pos9,273.188,192.539,2610,soma,dlx
2015-12-02-pos9,273.188,194.719,2700,soma,dlx
2015-12-02-pos9,278.274,192.539,2790,soma,dlx
2015-12-02-pos9,274.641,263.016,0,N-tip,dlx
2015-12-02-pos9,274.641,263.016,360,N-tip,dlx
2015-12-02-pos9,276.821,262.289,450,N-tip,dlx
2015-12-02-pos9,279.727,263.016,540,N-tip,dlx
2015-12-02-pos9,282.633,261.563,630,N-tip,dlx
2015-12-02-pos9,282.633,260.836,720,N-tip,dlx
2015-12-02-pos9,271.008,265.922,810,N-tip,dlx
2015-12-02-pos9,270.281,273.188,900,N-tip,dlx
2015-12-02-pos9,273.188,273.188,990,N-tip,dlx
2015-12-02-pos9,285.539,263.016,1080,N-tip,dlx
2015-12-02-pos9,285.539,265.922,1170,N-tip,dlx
2015-12-02-pos9,284.086,266.649,1260,N-tip,dlx
2015-12-02-pos9,281.18,263.742,1350,N-tip,dlx
2015-12-02-pos9,278.274,260.836,1440,N-tip,dlx
2015-12-02-pos9,279,260.836,1530,N-tip,dlx
2015-12-02-pos9,298.617,260.836,1620,N-tip,dlx
2015-12-02-pos9,276.094,257.93,1710,N-tip,dlx
2015-12-02-pos9,282.633,244.852,1800,N-tip,dlx
2015-12-02-pos9,282.633,246.305,1890,N-tip,dlx
2015-12-02-pos9,281.906,249.938,1980,N-tip,dlx
2015-12-02-pos9,283.36,248.485,2070,N-tip,dlx
2015-12-02-pos9,280.453,250.664,2160,N-tip,dlx
2015-12-02-pos9,279,252.117,2250,N-tip,dlx
2015-12-02-pos9,277.547,252.117,2340,N-tip,dlx
2015-12-02-pos9,277.547,252.844,2430,N-tip,dlx
2015-12-02-pos9,278.274,253.571,2520,N-tip,dlx
2015-12-02-pos9,279,253.571,2610,N-tip,dlx
2015-12-02-pos9,282.633,261.563,2700,N-tip,dlx
2015-12-02-pos9,284.086,264.469,2790,N-tip,dlx
2014-04-24-pos17,242.672,71.203,0,soma,dlx
2014-04-24-pos17,242.672,71.203,360,soma,dlx
2014-04-24-pos17,242.672,66.844,420,soma,dlx
2014-04-24-pos17,242.672,66.117,480,soma,dlx
2014-04-24-pos17,242.672,66.117,540,soma,dlx
2014-04-24-pos17,241.946,71.203,600,soma,dlx
2014-04-24-pos17,238.313,82.828,660,soma,dlx
2014-04-24-pos17,236.86,100.992,720,soma,dlx
2014-04-24-pos17,231.047,126.422,780,soma,dlx
2014-04-24-pos17,231.047,126.422,840,soma,dlx
2014-04-24-pos17,231.047,126.422,900,soma,dlx
2014-04-24-pos17,230.32,130.781,960,soma,dlx
2014-04-24-pos17,229.594,135.141,1020,soma,dlx
2014-04-24-pos17,228.141,143.133,1080,soma,dlx
2014-04-24-pos17,225.235,150.399,1140,soma,dlx
2014-04-24-pos17,223.055,164.203,1200,soma,dlx
2014-04-24-pos17,223.781,177.281,1260,soma,dlx
2014-04-24-pos17,220.149,201.985,1320,soma,dlx
2014-04-24-pos17,217.969,216.516,1380,soma,dlx
2014-04-24-pos17,217.242,222.328,1440,soma,dlx
2014-04-24-pos17,211.43,232.5,1500,soma,dlx
2014-04-24-pos17,213.61,233.227,1560,soma,dlx
2014-04-24-pos17,213.61,230.32,1620,soma,dlx
2014-04-24-pos17,213.61,233.227,1680,soma,dlx
2014-04-24-pos17,207.07,258.656,1740,soma,dlx
2014-04-24-pos17,207.07,258.656,1800,soma,dlx
2014-04-24-pos17,207.07,264.469,1860,soma,dlx
2014-04-24-pos17,254.297,61.758,0,N-tip,dlx
2014-04-24-pos17,254.297,61.758,360,N-tip,dlx
2014-04-24-pos17,260.11,58.125,420,N-tip,dlx
2014-04-24-pos17,264.469,55.945,480,N-tip,dlx
2014-04-24-pos17,252.117,60.305,540,N-tip,dlx
2014-04-24-pos17,242.672,55.945,600,N-tip,dlx
2014-04-24-pos17,243.399,59.578,660,N-tip,dlx
2014-04-24-pos17,241.946,60.305,720,N-tip,dlx
2014-04-24-pos17,242.672,55.945,780,N-tip,dlx
2014-04-24-pos17,241.219,65.391,840,N-tip,dlx
2014-04-24-pos17,241.219,59.578,900,N-tip,dlx
2014-04-24-pos17,244.125,56.672,960,N-tip,dlx
2014-04-24-pos17,245.578,56.672,1020,N-tip,dlx
2014-04-24-pos17,244.125,55.219,1080,N-tip,dlx
2014-04-24-pos17,244.125,55.945,1140,N-tip,dlx
2014-04-24-pos17,244.852,55.219,1200,N-tip,dlx
2014-04-24-pos17,244.852,55.219,1260,N-tip,dlx
2014-04-24-pos17,244.852,55.219,1320,N-tip,dlx
2014-04-24-pos17,244.852,55.945,1380,N-tip,dlx
2014-04-24-pos17,244.852,53.766,1440,N-tip,dlx
2014-04-24-pos17,244.852,53.766,1500,N-tip,dlx
2014-04-24-pos17,241.946,50.859,1560,N-tip,dlx
2014-04-24-pos17,241.946,50.859,1620,N-tip,dlx
2014-04-24-pos17,240.492,49.406,1680,N-tip,dlx
2014-04-24-pos17,239.039,48.68,1740,N-tip,dlx
2014-04-24-pos17,239.766,49.406,1800,N-tip,dlx
2014-04-24-pos17,238.313,48.68,1860,N-tip,dlx
2014-04-24-pos11,198.3507102118,282.6315980674,0,soma,dlx
2014-04-24-pos11,200.530388346,278.272241799,60,soma,dlx
2014-04-24-pos11,202.7100664802,268.100410506,120,soma,dlx
2014-04-24-pos11,204.1631852363,266.6472917499,180,soma,dlx
2014-04-24-pos11,204.1631852363,266.6472917499,240,soma,dlx
2014-04-24-pos11,204.8897446144,266.6472917499,300,soma,dlx
2014-04-24-pos11,204.8897446144,263.7410542377,360,soma,dlx
2014-04-24-pos11,204.8897446144,263.7410542377,420,soma,dlx
2014-04-24-pos11,204.8897446144,263.7410542377,480,soma,dlx
2014-04-24-pos11,204.8897446144,263.7410542377,540,soma,dlx
2014-04-24-pos11,195.4444726995,258.6551385912,600,soma,dlx
2014-04-24-pos11,191.8116758092,257.2020198351,660,soma,dlx
2014-04-24-pos11,176.5539288698,253.5692229447,720,soma,dlx
2014-04-24-pos11,159.8430631743,238.3114760054,780,soma,dlx
2014-04-24-pos11,157.6633850401,238.3114760054,840,soma,dlx
2014-04-24-pos11,146.0384349911,230.3193228467,900,soma,dlx
2014-04-24-pos11,142.4056381008,228.1396447125,960,soma,dlx
2014-04-24-pos11,142.4056381008,228.1396447125,1020,soma,dlx
2014-04-24-pos11,143.1321974788,228.1396447125,1080,soma,dlx
2014-04-24-pos11,145.311875613,228.1396447125,1140,soma,dlx
2014-04-24-pos11,146.0384349911,228.8662040905,1200,soma,dlx
2014-04-24-pos11,146.0384349911,228.8662040905,1260,soma,dlx
2014-04-24-pos11,146.0384349911,228.8662040905,1320,soma,dlx
2014-04-24-pos11,146.0384349911,228.8662040905,1380,soma,dlx
2014-04-24-pos11,146.0384349911,228.8662040905,1440,soma,dlx
2014-04-24-pos11,146.0384349911,228.8662040905,1500,soma,dlx
2014-04-24-pos11,146.0384349911,228.8662040905,1560,soma,dlx
2014-04-24-pos11,146.0384349911,228.8662040905,1620,soma,dlx
2014-04-24-pos11,146.0384349911,228.8662040905,1680,soma,dlx
2014-04-24-pos11,141.6790787227,223.053729066,1740,soma,dlx
2014-04-24-pos11,141.6790787227,223.053729066,1800,soma,dlx
2014-04-24-pos11,134.4134849421,215.7881352854,1860,soma,dlx
2014-04-24-pos11,124.9682130272,213.6084571512,1920,soma,dlx
2014-04-24-pos11,120.6088567588,207.7959821266,1980,soma,dlx
2014-04-24-pos11,120.6088567588,209.2491008828,2040,soma,dlx
2014-04-24-pos11,120.6088567588,209.2491008828,2100,soma,dlx
2014-04-24-pos11,120.6088567588,209.2491008828,2160,soma,dlx
2014-04-24-pos11,120.6088567588,207.0694227486,2220,soma,dlx
2014-04-24-pos11,118.4291786246,204.8897446144,2280,soma,dlx
2014-04-24-pos11,199.8038289679,302.9752606532,0,N-tip,dlx
2014-04-24-pos11,199.8038289679,295.7096668725,60,N-tip,dlx
2014-04-24-pos11,204.1631852363,280.4519199332,120,N-tip,dlx
2014-04-24-pos11,204.1631852363,280.4519199332,180,N-tip,dlx
2014-04-24-pos11,199.8038289679,284.0847168235,240,N-tip,dlx
2014-04-24-pos11,204.1631852363,281.1784793112,300,N-tip,dlx
2014-04-24-pos11,204.1631852363,279.7253605551,360,N-tip,dlx
2014-04-24-pos11,201.9835071021,283.3581574454,420,N-tip,dlx
2014-04-24-pos11,199.8038289679,290.6237512261,480,N-tip,dlx
2014-04-24-pos11,203.4366258582,284.8112762015,540,N-tip,dlx
2014-04-24-pos11,204.8897446144,279.7253605551,600,N-tip,dlx
2014-04-24-pos11,204.8897446144,279.7253605551,660,N-tip,dlx
2014-04-24-pos11,207.0694227486,273.1863261525,720,N-tip,dlx
2014-04-24-pos11,207.7959821266,271.0066480183,780,N-tip,dlx
2014-04-24-pos11,207.7959821266,270.2800886402,840,N-tip,dlx
2014-04-24-pos11,205.6163039924,267.373851128,900,N-tip,dlx
2014-04-24-pos11,205.6163039924,267.373851128,960,N-tip,dlx
2014-04-24-pos11,203.4366258582,264.4676136157,1020,N-tip,dlx
2014-04-24-pos11,207.7959821266,265.9207323719,1080,N-tip,dlx
2014-04-24-pos11,206.3428633705,264.4676136157,1140,N-tip,dlx
2014-04-24-pos11,206.3428633705,264.4676136157,1200,N-tip,dlx
2014-04-24-pos11,212.8818977731,268.100410506,1260,N-tip,dlx
2014-04-24-pos11,209.2491008828,265.9207323719,1320,N-tip,dlx
2014-04-24-pos11,205.6163039924,263.7410542377,1380,N-tip,dlx
2014-04-24-pos11,205.6163039924,263.7410542377,1440,N-tip,dlx
2014-04-24-pos11,213.6084571512,268.100410506,1500,N-tip,dlx
2014-04-24-pos11,215.0615759073,268.100410506,1560,N-tip,dlx
2014-04-24-pos11,215.0615759073,268.100410506,1620,N-tip,dlx
2014-04-24-pos11,211.428779017,261.5613761035,1680,N-tip,dlx
2014-04-24-pos11,210.7022196389,261.5613761035,1740,N-tip,dlx
2014-04-24-pos11,210.7022196389,257.9285792131,1800,N-tip,dlx
2014-04-24-pos11,210.7022196389,257.9285792131,1860,N-tip,dlx
2014-04-24-pos11,211.428779017,257.2020198351,1920,N-tip,dlx
2014-04-24-pos11,212.155338395,257.2020198351,1980,N-tip,dlx
2014-04-24-pos11,221.6006103099,258.6551385912,2040,N-tip,dlx
2014-04-24-pos11,226.6865259563,258.6551385912,2100,N-tip,dlx
2014-04-24-pos11,225.9599665783,257.2020198351,2160,N-tip,dlx
2014-04-24-pos11,225.9599665783,256.475460457,2220,N-tip,dlx
2014-04-24-pos11,229.5927634686,253.5692229447,2280,N-tip,dlx
2014-04-24-pos10,100.992,116.977,0,soma,dlx
2014-04-24-pos10,103.898,116.977,60,soma,dlx
2014-04-24-pos10,105.352,117.703,120,soma,dlx
2014-04-24-pos10,112.617,126.422,180,soma,dlx
2014-04-24-pos10,118.43,134.414,240,soma,dlx
2014-04-24-pos10,117.703,127.148,300,soma,dlx
2014-04-24-pos10,116.977,129.328,360,soma,dlx
2014-04-24-pos10,116.977,129.328,420,soma,dlx
2014-04-24-pos10,111.891,129.328,480,soma,dlx
2014-04-24-pos10,113.344,129.328,540,soma,dlx
2014-04-24-pos10,111.164,122.063,600,soma,dlx
2014-04-24-pos10,108.258,119.883,660,soma,dlx
2014-04-24-pos10,109.711,116.25,720,soma,dlx
2014-04-24-pos10,109.711,119.883,780,soma,dlx
2014-04-24-pos10,109.711,120.609,840,soma,dlx
2014-04-24-pos10,109.711,120.609,900,soma,dlx
2014-04-24-pos10,109.711,117.703,960,soma,dlx
2014-04-24-pos10,112.617,122.789,1020,soma,dlx
2014-04-24-pos10,113.344,124.242,1080,soma,dlx
2014-04-24-pos10,113.344,127.148,1140,soma,dlx
2014-04-24-pos10,113.344,127.875,1200,soma,dlx
2014-04-24-pos10,113.344,128.602,1260,soma,dlx
2014-04-24-pos10,122.789,152.578,1320,soma,dlx
2014-04-24-pos10,127.875,180.188,1380,soma,dlx
2014-04-24-pos10,127.875,196.898,1440,soma,dlx
2014-04-24-pos10,127.875,204.164,1500,soma,dlx
2014-04-24-pos10,127.148,215.063,1560,soma,dlx
2014-04-24-pos10,128.602,218.695,1620,soma,dlx
2014-04-24-pos10,128.602,226.688,1680,soma,dlx
2014-04-24-pos10,128.602,232.5,1740,soma,dlx
2014-04-24-pos10,128.602,240.492,1800,soma,dlx
2014-04-24-pos10,135.867,251.391,1860,soma,dlx
2014-04-24-pos10,135.141,259.383,1920,soma,dlx
2014-04-24-pos10,131.508,255.75,1980,soma,dlx
2014-04-24-pos10,131.508,256.477,2040,soma,dlx
2014-04-24-pos10,131.508,256.477,2100,soma,dlx
2014-04-24-pos10,131.508,256.477,2160,soma,dlx
2014-04-24-pos10,102.445,98.086,0,N-tip,dlx
2014-04-24-pos10,98.086,105.352,60,N-tip,dlx
2014-04-24-pos10,102.445,108.258,120,N-tip,dlx
2014-04-24-pos10,103.898,108.984,180,N-tip,dlx
2014-04-24-pos10,103.898,106.805,240,N-tip,dlx
2014-04-24-pos10,103.172,101.719,300,N-tip,dlx
2014-04-24-pos10,104.625,104.625,360,N-tip,dlx
2014-04-24-pos10,100.992,103.898,420,N-tip,dlx
2014-04-24-pos10,98.086,101.719,480,N-tip,dlx
2014-04-24-pos10,95.18,94.453,540,N-tip,dlx
2014-04-24-pos10,77.016,72.656,600,N-tip,dlx
2014-04-24-pos10,54.492,58.125,660,N-tip,dlx
2014-04-24-pos10,84.281,74.109,720,N-tip,dlx
2014-04-24-pos10,84.281,75.563,780,N-tip,dlx
2014-04-24-pos10,98.086,85.734,840,N-tip,dlx
2014-04-24-pos10,103.898,75.563,900,N-tip,dlx
2014-04-24-pos10,108.258,71.203,960,N-tip,dlx
2014-04-24-pos10,98.086,87.188,1020,N-tip,dlx
2014-04-24-pos10,99.539,86.461,1080,N-tip,dlx
2014-04-24-pos10,99.539,87.188,1140,N-tip,dlx
2014-04-24-pos10,99.539,85.734,1200,N-tip,dlx
2014-04-24-pos10,100.266,88.641,1260,N-tip,dlx
2014-04-24-pos10,101.719,85.008,1320,N-tip,dlx
2014-04-24-pos10,102.445,85.734,1380,N-tip,dlx
2014-04-24-pos10,102.445,84.281,1440,N-tip,dlx
2014-04-24-pos10,102.445,81.375,1500,N-tip,dlx
2014-04-24-pos10,102.445,78.469,1560,N-tip,dlx
2014-04-24-pos10,103.172,79.195,1620,N-tip,dlx
2014-04-24-pos10,103.898,81.375,1680,N-tip,dlx
2014-04-24-pos10,103.898,77.742,1740,N-tip,dlx
2014-04-24-pos10,103.172,79.195,1800,N-tip,dlx
2014-04-24-pos10,103.172,77.016,1860,N-tip,dlx
2014-04-24-pos10,103.898,75.563,1920,N-tip,dlx
2014-04-24-pos10,103.898,75.563,1980,N-tip,dlx
2014-04-24-pos10,103.898,74.109,2040,N-tip,dlx
2014-04-24-pos10,103.898,74.109,2100,N-tip,dlx
2014-04-24-pos10,103.172,72.656,2160,N-tip,dlx
2014-04-24-pos9,120.6088567588,231.0458822247,0,soma,dlx
2014-04-24-pos9,123.5150942711,231.0458822247,60,soma,dlx
2014-04-24-pos9,128.6010099175,220.1474915537,120,soma,dlx
2014-04-24-pos9,128.6010099175,216.5146946634,180,soma,dlx
2014-04-24-pos9,128.6010099175,211.428779017,240,soma,dlx
2014-04-24-pos9,135.8666036982,203.4366258582,300,soma,dlx
2014-04-24-pos9,139.4994005885,188.9054382969,360,soma,dlx
2014-04-24-pos9,141.6790787227,170.0148944673,420,soma,dlx
2014-04-24-pos9,144.585316235,151.1243506376,480,soma,dlx
2014-04-24-pos9,145.311875613,146.0384349911,540,soma,dlx
2014-04-24-pos9,145.311875613,137.3197224543,600,soma,dlx
2014-04-24-pos9,145.311875613,130.0541286737,660,soma,dlx
2014-04-24-pos9,145.311875613,130.0541286737,720,soma,dlx
2014-04-24-pos9,145.311875613,130.0541286737,780,soma,dlx
2014-04-24-pos9,147.4915537472,127.8744505395,840,soma,dlx
2014-04-24-pos9,147.4915537472,127.8744505395,900,soma,dlx
2014-04-24-pos9,147.4915537472,127.8744505395,960,soma,dlx
2014-04-24-pos9,147.4915537472,127.8744505395,1020,soma,dlx
2014-04-24-pos9,149.6712318814,110.4370254659,1080,soma,dlx
2014-04-24-pos9,149.6712318814,98.0855160388,1140,soma,dlx
2014-04-24-pos9,149.6712318814,85.0074472336,1200,soma,dlx
2014-04-24-pos9,148.9446725034,78.468412831,1260,soma,dlx
2014-04-24-pos9,141.6790787227,63.2106658917,1320,soma,dlx
2014-04-24-pos9,140.2259599666,44.320122062,1380,soma,dlx
2014-04-24-pos9,140.9525193446,34.8748501471,1440,soma,dlx
2014-04-24-pos9,134.4134849421,26.8826969884,1500,soma,dlx
2014-04-24-pos9,132.2338068079,25.4295782323,1560,soma,dlx
2014-04-24-pos9,116.9760598685,9.4452719148,1620,soma,dlx
2014-04-24-pos9,113.3432629782,5.8124750245,1680,soma,dlx
2014-04-24-pos9,116.2495004904,237.5849166273,0,N-tip,dlx
2014-04-24-pos9,122.0619755149,238.3114760054,60,N-tip,dlx
2014-04-24-pos9,123.5150942711,238.3114760054,120,N-tip,dlx
2014-04-24-pos9,124.9682130272,235.4052384931,180,N-tip,dlx
2014-04-24-pos9,119.1557380027,236.1317978712,240,N-tip,dlx
2014-04-24-pos9,123.5150942711,227.4130853344,300,N-tip,dlx
2014-04-24-pos9,132.2338068079,209.2491008828,360,N-tip,dlx
2014-04-24-pos9,135.8666036982,199.8038289679,420,N-tip,dlx
2014-04-24-pos9,138.0462818324,183.0929632724,480,N-tip,dlx
2014-04-24-pos9,143.1321974788,174.3742507356,540,N-tip,dlx
2014-04-24-pos9,143.1321974788,160.5696225524,600,N-tip,dlx
2014-04-24-pos9,140.9525193446,153.3040287718,660,N-tip,dlx
2014-04-24-pos9,135.1400443201,181.6398445163,720,N-tip,dlx
2014-04-24-pos9,139.4994005885,167.108656955,780,N-tip,dlx
2014-04-24-pos9,136.5931630763,175.1008101137,840,N-tip,dlx
2014-04-24-pos9,136.5931630763,180.9132851382,900,N-tip,dlx
2014-04-24-pos9,137.3197224543,174.3742507356,960,N-tip,dlx
2014-04-24-pos9,141.6790787227,163.4758600647,1020,N-tip,dlx
2014-04-24-pos9,143.8587568569,146.7649943692,1080,N-tip,dlx
2014-04-24-pos9,151.8509100156,129.3275692956,1140,N-tip,dlx
2014-04-24-pos9,151.8509100156,122.788534893,1200,N-tip,dlx
2014-04-24-pos9,151.8509100156,116.2495004904,1260,N-tip,dlx
2014-04-24-pos9,149.6712318814,96.6323972827,1320,N-tip,dlx
2014-04-24-pos9,146.7649943692,84.2808878556,1380,N-tip,dlx
2014-04-24-pos9,145.311875613,66.1169034039,1440,N-tip,dlx
2014-04-24-pos9,146.0384349911,61.7575471355,1500,N-tip,dlx
2014-04-24-pos9,143.1321974788,43.5935626839,1560,N-tip,dlx
2014-04-24-pos9,143.1321974788,32.6951720129,1620,N-tip,dlx
2014-04-24-pos9,143.1321974788,32.6951720129,1680,N-tip,dlx
2015-10-14-pos10,22.341,192.754,0,soma,dlx
2015-10-14-pos10,22.341,192.754,540,soma,dlx
2015-10-14-pos10,24.939,191.196,630,soma,dlx
2015-10-14-pos10,35.33,184.961,720,soma,dlx
2015-10-14-pos10,39.486,183.922,810,soma,dlx
2015-10-14-pos10,57.151,167.296,900,soma,dlx
2015-10-14-pos10,69.62,164.698,990,soma,dlx
2015-10-14-pos10,67.542,161.581,1080,soma,dlx
2015-10-14-pos10,68.581,156.905,1170,soma,dlx
2015-10-14-pos10,68.581,156.905,1260,soma,dlx
2015-10-14-pos10,68.581,156.905,1350,soma,dlx
2015-10-14-pos10,76.894,154.307,1440,soma,dlx
2015-10-14-pos10,84.168,150.671,1530,soma,dlx
2015-10-14-pos10,83.648,149.112,1620,soma,dlx
2015-10-14-pos10,85.207,144.955,1710,soma,dlx
2015-10-14-pos10,85.207,145.475,1800,soma,dlx
2015-10-14-pos10,82.609,148.592,1890,soma,dlx
2015-10-14-pos10,83.648,148.592,1980,soma,dlx
2015-10-14-pos10,4.676,212.497,0,N-tip,dlx
2015-10-14-pos10,4.676,212.497,540,N-tip,dlx
2015-10-14-pos10,3.117,199.509,630,N-tip,dlx
2015-10-14-pos10,8.832,199.509,720,N-tip,dlx
2015-10-14-pos10,3.637,197.95,810,N-tip,dlx
2015-10-14-pos10,2.078,201.067,900,N-tip,dlx
2015-10-14-pos10,2.598,198.989,990,N-tip,dlx
2015-10-14-pos10,1.559,196.911,1080,N-tip,dlx
2015-10-14-pos10,2.598,196.911,1170,N-tip,dlx
2015-10-14-pos10,6.235,195.872,1260,N-tip,dlx
2015-10-14-pos10,5.196,196.391,1350,N-tip,dlx
2015-10-14-pos10,6.235,194.313,1440,N-tip,dlx
2015-10-14-pos10,5.196,192.235,1530,N-tip,dlx
2015-10-14-pos10,6.235,196.391,1620,N-tip,dlx
2015-10-14-pos10,6.754,194.313,1710,N-tip,dlx
2015-10-14-pos10,8.832,196.391,1800,N-tip,dlx
2015-10-14-pos10,4.156,196.391,1890,N-tip,dlx
2015-10-14-pos10,6.235,195.872,1980,N-tip,dlx
2014-01-10-pos1,183.82,66.117,0,soma,dlx
2014-01-10-pos1,183.82,66.117,1020,soma,dlx
2014-01-10-pos1,172.922,67.207,1080,soma,dlx
2014-01-10-pos1,171.469,69.75,1140,soma,dlx
2014-01-10-pos1,162.75,68.297,1200,soma,dlx
2014-01-10-pos1,154.758,67.934,1260,soma,dlx
2014-01-10-pos1,154.758,67.934,1320,soma,dlx
2014-01-10-pos1,152.215,70.477,1380,soma,dlx
2014-01-10-pos1,146.766,78.106,1440,soma,dlx
2014-01-10-pos1,143.496,79.922,1500,soma,dlx
2014-01-10-pos1,138.047,83.918,1560,soma,dlx
2014-01-10-pos1,134.051,86.098,1620,soma,dlx
2014-01-10-pos1,131.145,83.555,1680,soma,dlx
2014-01-10-pos1,130.055,83.555,1740,soma,dlx
2014-01-10-pos1,128.965,87.188,1800,soma,dlx
2014-01-10-pos1,129.692,85.008,1860,soma,dlx
2014-01-10-pos1,128.965,84.281,1920,soma,dlx
2014-01-10-pos1,128.965,83.191,1980,soma,dlx
2014-01-10-pos1,128.238,83.191,2040,soma,dlx
2014-01-10-pos1,126.422,83.191,2100,soma,dlx
2014-01-10-pos1,124.606,83.191,2160,soma,dlx
2014-01-10-pos1,190.36,63.938,0,N-tip,dlx
2014-01-10-pos1,190.36,63.938,1020,N-tip,dlx
2014-01-10-pos1,189.996,64.301,1080,N-tip,dlx
2014-01-10-pos1,198.352,55.945,1140,N-tip,dlx
2014-01-10-pos1,186.727,62.121,1200,N-tip,dlx
2014-01-10-pos1,186.363,62.121,1260,N-tip,dlx
2014-01-10-pos1,184.91,62.484,1320,N-tip,dlx
2014-01-10-pos1,184.184,61.758,1380,N-tip,dlx
2014-01-10-pos1,184.547,62.848,1440,N-tip,dlx
2014-01-10-pos1,186.727,61.758,1500,N-tip,dlx
2014-01-10-pos1,186,62.484,1560,N-tip,dlx
2014-01-10-pos1,184.184,62.121,1620,N-tip,dlx
2014-01-10-pos1,183.457,62.484,1680,N-tip,dlx
2014-01-10-pos1,182.731,62.484,1740,N-tip,dlx
2014-01-10-pos1,182.731,61.031,1800,N-tip,dlx
2014-01-10-pos1,182.004,59.578,1860,N-tip,dlx
2014-01-10-pos1,181.277,59.215,1920,N-tip,dlx
2014-01-10-pos1,179.824,59.578,1980,N-tip,dlx
2014-01-10-pos1,177.645,59.941,2040,N-tip,dlx
2014-01-10-pos1,180.914,59.215,2100,N-tip,dlx
2014-01-10-pos1,189.633,61.031,2160,N-tip,dlx
2016-03-22-pos3-c1,252.117,9.445,0,soma,nkx
2016-03-22-pos3-c1,252.117,9.445,540,soma,nkx
2016-03-22-pos3-c1,258.656,30.516,630,soma,nkx
2016-03-22-pos3-c1,267.375,48.68,720,soma,nkx
2016-03-22-pos3-c1,267.375,53.766,810,soma,nkx
2016-03-22-pos3-c1,267.375,53.766,900,soma,nkx
2016-03-22-pos3-c1,267.375,53.766,990,soma,nkx
2016-03-22-pos3-c1,269.555,55.945,1080,soma,nkx
2016-03-22-pos3-c1,269.555,55.945,1170,soma,nkx
2016-03-22-pos3-c1,273.914,61.758,1260,soma,nkx
2016-03-22-pos3-c1,290.625,86.461,1350,soma,nkx
2016-03-22-pos3-c1,300.071,99.539,1440,soma,nkx
2016-03-22-pos3-c1,308.789,117.703,1530,soma,nkx
2016-03-22-pos3-c1,317.508,127.149,1620,soma,nkx
2016-03-22-pos3-c1,327.68,146.766,1710,soma,nkx
2016-03-22-pos3-c1,331.313,145.313,1800,soma,nkx
2016-03-22-pos3-c1,328.407,146.039,1890,soma,nkx
2016-03-22-pos3-c1,333.492,157.664,1980,soma,nkx
2016-03-22-pos3-c1,335.672,164.203,2070,soma,nkx
2016-03-22-pos3-c1,333.492,162.024,2160,soma,nkx
2016-03-22-pos3-c1,335.672,164.203,2250,soma,nkx
2016-03-22-pos3-c1,334.219,162.024,2340,soma,nkx
2016-03-22-pos3-c1,334.219,162.024,2430,soma,nkx
2016-03-22-pos3-c1,334.219,162.024,2520,soma,nkx
2016-03-22-pos3-c1,247.307,1.559,0,N-tip,nkx
2016-03-22-pos3-c1,247.307,1.559,540,N-tip,nkx
2016-03-22-pos3-c1,257.699,21.302,630,N-tip,nkx
2016-03-22-pos3-c1,263.414,44.682,720,N-tip,nkx
2016-03-22-pos3-c1,262.375,45.721,810,N-tip,nkx
2016-03-22-pos3-c1,263.414,44.682,900,N-tip,nkx
2016-03-22-pos3-c1,267.05,45.201,990,N-tip,nkx
2016-03-22-pos3-c1,269.129,49.877,1080,N-tip,nkx
2016-03-22-pos3-c1,270.168,48.838,1170,N-tip,nkx
2016-03-22-pos3-c1,270.168,50.397,1260,N-tip,nkx
2016-03-22-pos3-c1,277.442,70.659,1350,N-tip,nkx
2016-03-22-pos3-c1,292.509,86.246,1440,N-tip,nkx
2016-03-22-pos3-c1,299.263,104.95,1530,N-tip,nkx
2016-03-22-pos3-c1,307.056,113.782,1620,N-tip,nkx
2016-03-22-pos3-c1,318.486,131.967,1710,N-tip,nkx
2016-03-22-pos3-c1,322.123,133.525,1800,N-tip,nkx
2016-03-22-pos3-c1,323.162,133.525,1890,N-tip,nkx
2016-03-22-pos3-c1,331.995,146.514,1980,N-tip,nkx
2016-03-22-pos3-c1,343.425,158.983,2070,N-tip,nkx
2016-03-22-pos3-c1,341.866,157.944,2160,N-tip,nkx
2016-03-22-pos3-c1,341.347,157.425,2250,N-tip,nkx
2016-03-22-pos3-c1,326.799,135.603,2340,N-tip,nkx
2016-03-22-pos3-c1,325.24,129.888,2430,N-tip,nkx
2016-03-22-pos3-c1,328.358,111.704,2520,N-tip,nkx
2016-03-22-pos3-c2,170.742,131.508,0,soma,nkx
2016-03-22-pos3-c2,170.742,131.508,540,soma,nkx
2016-03-22-pos3-c2,164.203,128.602,630,soma,nkx
2016-03-22-pos3-c2,178.008,138.774,720,soma,nkx
2016-03-22-pos3-c2,198.352,163.477,810,soma,nkx
2016-03-22-pos3-c2,207.07,178.735,900,soma,nkx
2016-03-22-pos3-c2,210.703,181.641,990,soma,nkx
2016-03-22-pos3-c2,210.703,187.453,1080,soma,nkx
2016-03-22-pos3-c2,220.875,198.352,1170,soma,nkx
2016-03-22-pos3-c2,225.235,207.797,1260,soma,nkx
2016-03-22-pos3-c2,224.508,204.164,1350,soma,nkx
2016-03-22-pos3-c2,224.508,201.985,1440,soma,nkx
2016-03-22-pos3-c2,224.508,207.07,1530,soma,nkx
2016-03-22-pos3-c2,224.508,206.344,1620,soma,nkx
2016-03-22-pos3-c2,224.508,205.617,1710,soma,nkx
2016-03-22-pos3-c2,224.508,207.07,1800,soma,nkx
2016-03-22-pos3-c2,224.508,212.883,1890,soma,nkx
2016-03-22-pos3-c2,223.055,214.336,1980,soma,nkx
2016-03-22-pos3-c2,226.688,211.43,2070,soma,nkx
2016-03-22-pos3-c2,226.688,211.43,2160,soma,nkx
2016-03-22-pos3-c2,222.328,213.61,2250,soma,nkx
2016-03-22-pos3-c2,222.328,213.61,2340,soma,nkx
2016-03-22-pos3-c2,222.328,208.524,2430,soma,nkx
2016-03-22-pos3-c2,222.328,208.524,2520,soma,nkx
2016-03-22-pos3-c2,222.328,208.524,2610,soma,nkx
2016-03-22-pos3-c2,222.328,214.336,2700,soma,nkx
2016-03-22-pos3-c2,107.028,100.793,0,N-tip,nkx
2016-03-22-pos3-c2,107.028,100.793,540,N-tip,nkx
2016-03-22-pos3-c2,134.564,112.743,630,N-tip,nkx
2016-03-22-pos3-c2,168.335,134.564,720,N-tip,nkx
2016-03-22-pos3-c2,201.587,148.073,810,N-tip,nkx
2016-03-22-pos3-c2,201.587,148.073,900,N-tip,nkx
2016-03-22-pos3-c2,201.587,148.073,990,N-tip,nkx
2016-03-22-pos3-c2,201.587,148.073,1080,N-tip,nkx
2016-03-22-pos3-c2,201.587,148.073,1170,N-tip,nkx
2016-03-22-pos3-c2,201.587,148.073,1260,N-tip,nkx
2016-03-22-pos3-c2,201.587,148.073,1350,N-tip,nkx
2016-03-22-pos3-c2,201.587,148.073,1440,N-tip,nkx
2016-03-22-pos3-c2,201.587,148.073,1530,N-tip,nkx
2016-03-22-pos3-c2,201.587,148.073,1620,N-tip,nkx
2016-03-22-pos3-c2,201.587,148.073,1710,N-tip,nkx
2016-03-22-pos3-c2,201.587,148.073,1800,N-tip,nkx
2016-03-22-pos3-c2,201.587,148.073,1890,N-tip,nkx
2016-03-22-pos3-c2,197.43,150.151,1980,N-tip,nkx
2016-03-22-pos3-c2,199.509,150.671,2070,N-tip,nkx
2016-03-22-pos3-c2,197.43,154.827,2160,N-tip,nkx
2016-03-22-pos3-c2,183.402,129.888,2250,N-tip,nkx
2016-03-22-pos3-c2,193.274,145.995,2340,N-tip,nkx
2016-03-22-pos3-c2,192.754,143.916,2430,N-tip,nkx
2016-03-22-pos3-c2,195.872,145.995,2520,N-tip,nkx
2016-03-22-pos3-c2,197.95,144.955,2610,N-tip,nkx
2016-03-22-pos3-c2,196.911,143.397,2700,N-tip,nkx
2016-03-22-pos3-c3,112.617,168.563,0,soma,nkx
2016-03-22-pos3-c3,112.617,168.563,540,soma,nkx
2016-03-22-pos3-c3,120.609,188.906,630,soma,nkx
2016-03-22-pos3-c3,126.422,204.164,720,soma,nkx
2016-03-22-pos3-c3,123.516,207.797,810,soma,nkx
2016-03-22-pos3-c3,126.422,209.977,900,soma,nkx
2016-03-22-pos3-c3,124.969,208.524,990,soma,nkx
2016-03-22-pos3-c3,124.969,208.524,1080,soma,nkx
2016-03-22-pos3-c3,124.969,208.524,1170,soma,nkx
2016-03-22-pos3-c3,124.969,212.156,1260,soma,nkx
2016-03-22-pos3-c3,124.969,212.883,1350,soma,nkx
2016-03-22-pos3-c3,131.508,217.242,1440,soma,nkx
2016-03-22-pos3-c3,131.508,225.235,1530,soma,nkx
2016-03-22-pos3-c3,131.508,231.047,1620,soma,nkx
2016-03-22-pos3-c3,133.688,233.953,1710,soma,nkx
2016-03-22-pos3-c3,135.141,239.766,1800,soma,nkx
2016-03-22-pos3-c3,135.141,241.219,1890,soma,nkx
2016-03-22-pos3-c3,135.141,240.492,1980,soma,nkx
2016-03-22-pos3-c3,135.141,240.492,2070,soma,nkx
2016-03-22-pos3-c3,135.141,240.492,2160,soma,nkx
2016-03-22-pos3-c3,135.141,241.219,2250,soma,nkx
2016-03-22-pos3-c3,135.141,242.672,2340,soma,nkx
2016-03-22-pos3-c3,135.867,244.125,2430,soma,nkx
2016-03-22-pos3-c3,135.867,246.305,2520,soma,nkx
2016-03-22-pos3-c3,138.774,248.485,2610,soma,nkx
2016-03-22-pos3-c3,140.227,247.758,2700,soma,nkx
2016-03-22-pos3-c3,143.133,251.391,2790,soma,nkx
2016-03-22-pos3-c3,143.859,255.024,2880,soma,nkx
2016-03-22-pos3-c3,146.039,258.656,2970,soma,nkx
2016-03-22-pos3-c3,145.313,260.11,3060,soma,nkx
2016-03-22-pos3-c3,150.399,275.367,3150,soma,nkx
2016-03-22-pos3-c3,152.578,276.094,3240,soma,nkx
2016-03-22-pos3-c3,153.305,276.821,3330,soma,nkx
2016-03-22-pos3-c3,152.578,278.274,3420,soma,nkx
2016-03-22-pos3-c3,152.578,286.266,3510,soma,nkx
2016-03-22-pos3-c3,156.211,290.625,3600,soma,nkx
2016-03-22-pos3-c3,114.302,156.905,0,N-tip,nkx
2016-03-22-pos3-c3,114.302,156.905,540,N-tip,nkx
2016-03-22-pos3-c3,112.743,161.581,630,N-tip,nkx
2016-03-22-pos3-c3,111.704,166.777,720,N-tip,nkx
2016-03-22-pos3-c3,110.665,164.179,810,N-tip,nkx
2016-03-22-pos3-c3,103.911,160.542,900,N-tip,nkx
2016-03-22-pos3-c3,98.715,148.592,990,N-tip,nkx
2016-03-22-pos3-c3,93.52,157.944,1080,N-tip,nkx
2016-03-22-pos3-c3,88.844,153.268,1170,N-tip,nkx
2016-03-22-pos3-c3,116.9,184.961,1260,N-tip,nkx
2016-03-22-pos3-c3,118.458,193.274,1350,N-tip,nkx
2016-03-22-pos3-c3,125.732,204.704,1440,N-tip,nkx
2016-03-22-pos3-c3,124.173,202.626,1530,N-tip,nkx
2016-03-22-pos3-c3,124.693,201.587,1620,N-tip,nkx
2016-03-22-pos3-c3,131.447,224.967,1710,N-tip,nkx
2016-03-22-pos3-c3,130.927,221.849,1800,N-tip,nkx
2016-03-22-pos3-c3,130.408,221.849,1890,N-tip,nkx
2016-03-22-pos3-c3,129.369,220.291,1980,N-tip,nkx
2016-03-22-pos3-c3,115.341,224.967,2070,N-tip,nkx
2016-03-22-pos3-c3,104.43,223.408,2160,N-tip,nkx
2016-03-22-pos3-c3,82.609,228.604,2250,N-tip,nkx
2016-03-22-pos3-c3,78.972,219.771,2340,N-tip,nkx
2016-03-22-pos3-c3,109.106,166.257,2430,N-tip,nkx
2016-03-22-pos3-c3,55.592,187.559,2520,N-tip,nkx
2016-03-22-pos3-c3,38.447,168.335,2610,N-tip,nkx
2016-03-22-pos3-c3,35.33,163.659,2700,N-tip,nkx
2016-03-22-pos3-c3,33.771,164.698,2790,N-tip,nkx
2016-03-22-pos3-c3,35.849,163.14,2880,N-tip,nkx
2016-03-22-pos3-c3,35.849,165.218,2970,N-tip,nkx
2016-03-22-pos3-c3,34.291,165.738,3060,N-tip,nkx
2016-03-22-pos3-c3,34.81,198.989,3150,N-tip,nkx
2016-03-22-pos3-c3,40.525,187.559,3240,N-tip,nkx
2016-03-22-pos3-c3,55.073,186,3330,N-tip,nkx
2016-03-22-pos3-c3,78.972,208.86,3420,N-tip,nkx
2016-03-22-pos3-c3,105.989,231.201,3510,N-tip,nkx
2016-03-22-pos3-c3,48.318,188.078,3600,N-tip,nkx
2016-03-22-pos8-c1,38.508,116.25,0,soma,nkx
2016-03-22-pos8-c1,39.961,114.797,90,soma,nkx
2016-03-22-pos8-c1,39.961,114.797,180,soma,nkx
2016-03-22-pos8-c1,39.961,118.43,270,soma,nkx
2016-03-22-pos8-c1,39.961,122.789,360,soma,nkx
2016-03-22-pos8-c1,39.961,127.149,450,soma,nkx
2016-03-22-pos8-c1,42.867,131.508,540,soma,nkx
2016-03-22-pos8-c1,45.773,139.5,630,soma,nkx
2016-03-22-pos8-c1,44.32,146.766,720,soma,nkx
2016-03-22-pos8-c1,42.141,151.852,810,soma,nkx
2016-03-22-pos8-c1,42.141,156.938,900,soma,nkx
2016-03-22-pos8-c1,43.594,162.75,990,soma,nkx
2016-03-22-pos8-c1,42.867,166.383,1080,soma,nkx
2016-03-22-pos8-c1,42.141,161.297,1170,soma,nkx
2016-03-22-pos8-c1,42.141,167.11,1260,soma,nkx
2016-03-22-pos8-c1,42.141,162.024,1350,soma,nkx
2016-03-22-pos8-c1,41.414,162.024,1440,soma,nkx
2016-03-22-pos8-c1,41.414,162.75,1530,soma,nkx
2016-03-22-pos8-c1,41.414,162.75,1620,soma,nkx
2016-03-22-pos8-c1,39.234,167.11,1710,soma,nkx
2016-03-22-pos8-c1,40.688,167.11,1800,soma,nkx
2016-03-22-pos8-c1,40.688,167.836,1890,soma,nkx
2016-03-22-pos8-c1,40.688,168.563,1980,soma,nkx
2016-03-22-pos8-c1,40.688,170.016,2070,soma,nkx
2016-03-22-pos8-c1,40.688,168.563,2160,soma,nkx
2016-03-22-pos8-c1,40.688,168.563,2250,soma,nkx
2016-03-22-pos8-c1,40.688,168.563,2340,soma,nkx
2016-03-22-pos8-c1,40.688,168.563,2430,soma,nkx
2016-03-22-pos8-c1,38.508,172.195,2520,soma,nkx
2016-03-22-pos8-c1,38.508,172.195,2610,soma,nkx
2016-03-22-pos8-c1,38.508,172.195,2700,soma,nkx
2016-03-22-pos8-c1,38.508,175.102,2790,soma,nkx
2016-03-22-pos8-c1,38.508,175.828,2880,soma,nkx
2016-03-22-pos8-c1,38.508,175.828,2970,soma,nkx
2016-03-22-pos8-c1,38.508,175.828,3060,soma,nkx
2016-03-22-pos8-c1,32.695,93,0,N-tip,nkx
2016-03-22-pos8-c1,34.875,92.274,90,N-tip,nkx
2016-03-22-pos8-c1,36.328,78.469,180,N-tip,nkx
2016-03-22-pos8-c1,42.141,104.625,270,N-tip,nkx
2016-03-22-pos8-c1,45.047,102.445,360,N-tip,nkx
2016-03-22-pos8-c1,45.773,93.727,450,N-tip,nkx
2016-03-22-pos8-c1,45.773,99.539,540,N-tip,nkx
2016-03-22-pos8-c1,42.141,104.625,630,N-tip,nkx
2016-03-22-pos8-c1,41.414,105.352,720,N-tip,nkx
2016-03-22-pos8-c1,49.406,104.625,810,N-tip,nkx
2016-03-22-pos8-c1,46.5,121.336,900,N-tip,nkx
2016-03-22-pos8-c1,49.406,101.719,990,N-tip,nkx
2016-03-22-pos8-c1,45.047,108.984,1080,N-tip,nkx
2016-03-22-pos8-c1,50.859,92.274,1170,N-tip,nkx
2016-03-22-pos8-c1,53.039,83.555,1260,N-tip,nkx
2016-03-22-pos8-c1,55.945,51.586,1350,N-tip,nkx
2016-03-22-pos8-c1,61.758,18.164,1440,N-tip,nkx
2016-03-22-pos8-c1,62.484,5.813,1530,N-tip,nkx
2016-03-22-pos8-c1,56.672,5.813,1620,N-tip,nkx
2016-03-22-pos8-c1,59.578,14.531,1710,N-tip,nkx
2016-03-22-pos8-c1,58.852,16.711,1800,N-tip,nkx
2016-03-22-pos8-c1,61.031,13.805,1890,N-tip,nkx
2016-03-22-pos8-c1,57.398,37.781,1980,N-tip,nkx
2016-03-22-pos8-c1,53.766,46.5,2070,N-tip,nkx
2016-03-22-pos8-c1,53.766,71.93,2160,N-tip,nkx
2016-03-22-pos8-c1,49.406,83.555,2250,N-tip,nkx
2016-03-22-pos8-c1,47.953,91.547,2340,N-tip,nkx
2016-03-22-pos8-c1,45.773,96.633,2430,N-tip,nkx
2016-03-22-pos8-c1,42.141,105.352,2520,N-tip,nkx
2016-03-22-pos8-c1,40.688,106.078,2610,N-tip,nkx
2016-03-22-pos8-c1,40.688,94.453,2700,N-tip,nkx
2016-03-22-pos8-c1,40.688,93,2790,N-tip,nkx
2016-03-22-pos8-c1,41.414,98.086,2880,N-tip,nkx
2016-03-22-pos8-c1,41.414,101.719,2970,N-tip,nkx
2016-03-22-pos8-c1,37.781,75.563,3060,N-tip,nkx
